verbandsnummer;typ;messung_et;abrechnung_et;zaehler_et;mp_et;messung_dt;abrechnung_dt;zaehler_dt;mp_dt;arbeitspreis;grundpreis;vorlaeufig
4041407000008;Haushalt;2.5;13.52;7.26;23.28;2.5;13.52;24.41;40.43;7.46;0;WAHR
4042805000102;Haushalt;1.78;10.16;6.06;18;1.78;10.16;18.86;30.8;6.28;47.58;FALSCH
4042805001208;Haushalt;1.78;10.16;6.06;18;1.78;10.16;18.86;30.8;5.6;32.94;FALSCH
4043581000010;Haushalt;3.31;11;8.67;22.98;3.31;11;30.47;44.78;5.18;25;FALSCH
4045458000000;Haushalt;1.62;10.68;9.46;21.76;1.62;10.68;22.73;35.03;4.87;43.92;FALSCH
4260016040117;Haushalt;1.75;12.69;9.59;24.03;1.75;12.69;22.3;36.74;5.36;25;FALSCH
4260154980016;Haushalt;5.81;8.23;10.46;24.5;8.93;8.92;20.92;38.77;4.04;13;FALSCH
4399901729759;Haushalt;3.12;8;4.79;15.91;3.12;8;11.04;22.16;5.38;20;FALSCH
9900001000002;Haushalt;4.92;12.12;10.92;27.96;7.32;12.72;36.84;56.88;5.2;33;FALSCH
9900003000000;Haushalt;5;13;10;28;8;13;35;56;4.78;24;FALSCH
9900004000009;Haushalt;1.61;6.6;5.33;13.54;1.61;6.6;10.76;18.97;5.23;30;FALSCH
9900006000007;Haushalt;4.02;11.57;7.53;23.12;4.7;11.57;16.49;32.76;4.7;20;FALSCH
9900008000005;Haushalt;4;11;5.25;20.25;4;11;20.4;35.4;5.78;15;FALSCH
9900009000004;Haushalt;1.75;4.8;6;12.55;1.75;4.8;18;24.55;5.13;15;FALSCH
9900010000001;Haushalt;4.73;10.25;9.6;24.58;7.67;10.25;27.9;45.82;5.25;0;FALSCH
9900013000008;Haushalt;2.35;12;8.65;23;2.35;12;34.45;48.8;6.74;15;FALSCH
9900015000006;Haushalt;5.2;10.4;10;25.6;8;10.4;20;38.4;6.89;0;FALSCH
9900019000002;Haushalt;5;12;8;25;5;12;13.8;30.8;5.34;54;FALSCH
9900021000008;Haushalt;2.4;11.2;9.9;23.5;2.4;11.2;16.2;29.8;5.14;40;FALSCH
9900022000007;Haushalt;5.46;11.45;8.54;25.45;5.46;11.45;31.84;48.75;4.58;15;FALSCH
9900023000006;Haushalt;3.15;11;8.5;22.65;4.95;11;19;34.95;4.66;24;FALSCH
9900024000005;Haushalt;4.6;4.7;5.8;15.1;9.2;9.4;26.2;44.8;4.66;25;FALSCH
9900025000004;Haushalt;1.95;5;7.8;14.75;1.95;5;15.6;22.55;7.29;36;FALSCH
9900026000003;Haushalt;3.04;5.92;11.04;20;3.04;5.92;11.04;20;3.67;8;FALSCH
9900027000002;Haushalt;2.49;15.78;7.7;25.97;2.49;15.78;24.2;42.47;4.88;51.24;FALSCH
9900028000001;Haushalt;1.54;11.43;5.02;17.99;2.46;11.43;13.4;27.29;3.54;49.48;FALSCH
9900030000007;Haushalt;5;12;9.8;26.8;6.9;12.2;19.8;38.9;5.1;26.5;FALSCH
9900031000006;Haushalt;5.16;7.08;8.52;20.76;8.16;11.28;15.72;35.16;6.91;18;FALSCH
9900032000005;Haushalt;3;12;9.84;24.84;4.5;12.2;26.54;43.24;8.34;24.54;FALSCH
9900033000004;Haushalt;1.94;9.12;2.92;13.98;3.89;9.12;5.83;18.84;5.35;0;FALSCH
9900034000003;Haushalt;1.83;6.22;7.59;15.64;3.66;6.22;20.4;30.28;4.02;30;FALSCH
9900035000002;Haushalt;4;10;10;24;4;10;20;34;8.84;14.78;FALSCH
9900036000001;Haushalt;1.9;8.04;8.88;18.82;1.9;8.04;18;27.94;4.74;19.2;FALSCH
9900038000009;Haushalt;4.26;10.56;9.54;24.36;6.82;10.56;32.53;49.91;5.61;27;FALSCH
9900039000008;Haushalt;2.9;7.3;11.6;21.8;5.56;10.2;33.24;49;7.63;54;FALSCH
9900040000005;Haushalt;1.61;13.9;9.15;24.66;1.61;13.9;17.72;33.23;4.42;29.2;FALSCH
9900041000004;Haushalt;5.4;12;9.6;27;5.4;12;18.96;36.36;5.23;22.56;FALSCH
9900042000003;Haushalt;2.15;7.98;8.3;18.43;2.15;7.98;33.4;43.53;7.48;15;FALSCH
9900043000002;Haushalt;2.4;9;8.5;19.9;2.4;9;28;39.4;5.46;15;FALSCH
9900044000001;Haushalt;5.2;6.05;9.21;20.46;8;8.05;19.85;35.9;4.36;25;FALSCH
9900045000000;Haushalt;3;12;9.84;24.84;3.8;12.2;27.24;43.24;6.22;27.5;FALSCH
9900048000007;Haushalt;2.23;11.88;9.2;23.31;2.23;11.88;23.7;37.81;7.86;15;FALSCH
9900049000006;Haushalt;2.4;12;11.7;26.1;2.4;12;26.3;40.7;6.67;30;FALSCH
9900050000003;Haushalt;1.7;11.26;10.03;22.99;2.55;11.43;20.06;34.04;6.28;24.6;FALSCH
9900051000002;Haushalt;4.75;11.5;9.65;25.9;7.6;11.5;19.03;38.13;5.38;20.5;FALSCH
9900053000000;Haushalt;3;7.31;4.31;14.62;4;7.31;23.33;34.64;5.98;15;FALSCH
9900055000008;Haushalt;5;12;14.97;31.97;5;12;33.37;50.37;5.46;22;FALSCH
9900056000007;Haushalt;3.8;12;9.2;25;3.8;12.2;9.7;25.7;5.4;46;FALSCH
9900057000006;Haushalt;2.5;9.2;7.5;19.2;2.5;9.4;17;28.9;6.15;30;WAHR
9900058000005;Haushalt;4.2;11.6;8.4;24.2;5.04;11.6;29.75;46.39;5.61;30;FALSCH
9900059000004;Haushalt;2.87;10.96;9.28;23.11;4.31;11.13;18.56;34;4.86;36;FALSCH
9900061000000;Haushalt;2.5;7.76;9.5;19.76;2.5;7.76;35.7;45.96;6.51;0;FALSCH
9900063000008;Haushalt;4;8;7;19;4.8;8;25.2;38;5.13;0;FALSCH
9900064000007;Haushalt;4.79;11.5;9.21;25.5;8;11.5;20;39.5;5.03;24;FALSCH
9900065000006;Haushalt;3.64;5.83;8.92;18.39;3.64;5.83;11.01;20.48;5.02;30;FALSCH
9900066000005;Haushalt;3.45;7.59;8.06;19.1;3.45;7.59;16.01;27.05;6.28;0;FALSCH
9900070000009;Haushalt;5.2;9.53;10;24.73;8;9.53;20;37.53;4.51;16.22;FALSCH
9900071000008;Haushalt;6.19;12.25;7.05;25.49;6.19;12.25;12.34;30.78;5.59;15;FALSCH
9900074000005;Haushalt;5.2;8.2;10;23.4;8;8.2;20;36.2;4.75;24.5;FALSCH
9900076000003;Haushalt;4.92;12;8.4;25.32;7.32;12;16.92;36.24;5.46;24;FALSCH
9900078000001;Haushalt;2.5;11.3;8.99;22.79;2.5;11.3;25;38.8;5.47;12.5;FALSCH
9900080000007;Haushalt;2.17;9.87;6.34;18.38;2.17;9.87;24.13;36.17;4.56;23.7;FALSCH
9900083000004;Haushalt;4.86;10.5;7.91;23.27;7.29;10.5;30.24;48.03;7.23;20;FALSCH
9900084000003;Haushalt;4;10.27;7.68;21.95;5.6;10.27;10.75;26.62;6.06;15;FALSCH
9900085000002;Haushalt;4.16;12;10;26.16;4.16;12;30.36;46.52;4.94;13.4;FALSCH
9900086000001;Haushalt;2.95;8.47;9.76;21.18;2.95;8.47;25.65;37.07;5.94;0;FALSCH
9900089000008;Haushalt;1.56;9.96;5.04;16.56;3.48;12;15;30.48;6.2;47.58;FALSCH
9900091000004;Haushalt;2.01;12.01;9.34;23.36;2.01;12.01;11.64;25.66;5.35;24;FALSCH
9900094000001;Haushalt;2.52;12.48;8.52;23.52;2.52;12.48;27.72;42.72;6.94;38;FALSCH
9900095000000;Haushalt;1.8;8.9;6;16.7;1.8;8.9;15.5;26.2;4.04;0;FALSCH
9900096000009;Haushalt;2.04;16.86;11.27;30.17;4.08;17.14;42.19;63.41;6.94;24;FALSCH
9900097000008;Haushalt;4.6;12;9.3;25.9;6.9;12;16.5;35.4;4.52;30;WAHR
9900099000006;Haushalt;5.4;10.98;9.35;25.73;5.4;10.98;18.44;34.82;4.81;18;FALSCH
9900100000002;Haushalt;1.7;11.28;9.22;22.2;2.55;11.45;18.45;32.45;6.63;48;FALSCH
9900102000000;Haushalt;2.6;11.5;8.1;22.2;2.6;11.5;13.7;27.8;5.02;20.32;FALSCH
9900107000005;Haushalt;1.95;8;10;19.95;1.95;8;20;29.95;4.56;40;FALSCH
9900108000004;Haushalt;2.55;8.15;7.18;17.88;2.55;8.53;12.16;23.24;5.21;40;FALSCH
9900110000000;Haushalt;6;8.5;7.5;22;8.5;8.5;23;40;5.48;0;FALSCH
9900112000008;Haushalt;6.24;7.08;14.28;27.6;6.24;7.08;28.56;41.88;4.66;15;FALSCH
9900113000007;Haushalt;2.4;15;7.6;25;2.4;15;12.4;29.8;7.99;36;FALSCH
9900114000006;Haushalt;2.8;9.99;5.58;18.37;2.8;9.99;9.99;22.78;5.91;30;FALSCH
9900115000005;Haushalt;1.85;11.92;7.82;21.59;1.85;11.92;29.2;42.97;5.46;15;FALSCH
9900116000004;Haushalt;15.5;10;9.5;35;15.5;10;29.5;55;4.41;0;WAHR
9900117000003;Haushalt;3.6;9.6;6;19.2;3.6;9.6;33;46.2;4.28;24;FALSCH
9900121000007;Haushalt;2.86;11.58;9.78;24.22;4.29;11.75;19.55;35.59;6.18;48;WAHR
9900122000006;Haushalt;1.85;11.92;10.27;24.04;1.85;11.92;33.15;46.92;5.2;25;FALSCH
9900123000005;Haushalt;2.8;11.5;7.3;21.6;2.8;11.5;20;34.3;4.01;20;FALSCH
9900124000004;Haushalt;1.92;8;5.53;15.45;4.35;8;9.1;21.45;5.54;20;FALSCH
9900126000002;Haushalt;2.89;5.81;17.28;25.98;4.47;6.1;30;40.57;4.05;30;FALSCH
9900127000001;Haushalt;2;11.3;9;22.3;2;12.3;21.1;35.4;5.3;39;FALSCH
9900128000000;Haushalt;5.94;13.04;8.98;27.96;9.79;14.92;17.8;42.51;5.86;25;FALSCH
9900129000009;Haushalt;5.2;12;10;27.2;8;12.2;20;40.2;6.4;25;FALSCH
9900130000006;Haushalt;4.32;9.35;8.07;21.74;4.32;9.35;21.26;34.93;5.95;23.1;FALSCH
9900131000005;Haushalt;3.5;10.8;6.5;20.8;4.44;10.8;10.35;25.59;5.71;7.69;FALSCH
9900132000004;Haushalt;2.4;8.1;4.8;15.3;2.4;8.1;15.3;25.8;4.58;24;FALSCH
9900133000003;Haushalt;5.16;10.98;9.84;25.98;7.44;10.98;34.44;52.86;5.97;19.92;FALSCH
9900134000002;Haushalt;2.16;12.06;12.38;26.6;2.16;12.06;24.76;38.98;4.65;38;FALSCH
9900135000001;Haushalt;1.25;10.15;9.92;21.32;1.87;10.3;19.84;32.01;4.97;36;FALSCH
9900136000000;Haushalt;5;10.27;8.91;24.18;8;11.34;22.28;41.62;5.65;0;FALSCH
9900137000009;Haushalt;3;14.64;7;24.64;3;14.64;15;32.64;5.68;44.4;FALSCH
9900138000008;Haushalt;2.4;9.9;3.25;15.55;2.4;9.9;13;25.3;5.3;20;FALSCH
9900140000004;Haushalt;3.8;14.9;7.8;26.5;7.6;19.9;27.1;54.6;6.98;47.58;FALSCH
9900141000003;Haushalt;3.69;11.2;7.11;22;8;11.2;20;39.2;6.45;53;FALSCH
9900142000002;Haushalt;4.2;12;9.57;25.77;4.8;12.2;26.56;43.56;4.62;24;FALSCH
9900143000001;Haushalt;3.2;11;8.2;22.4;4.2;11;28.4;43.6;6.87;24.5;FALSCH
9900144000000;Haushalt;2;10;7.7;19.7;2;10;17.7;29.7;3.26;0;WAHR
9900146000008;Haushalt;5.2;11.75;9.55;26.5;8;12.2;19.85;40.05;3.08;25;FALSCH
9900147000007;Haushalt;7.2;14.64;9.84;31.68;7.2;14.64;19.56;41.4;6.54;45;FALSCH
9900148000006;Haushalt;3.62;10.7;8.78;23.1;3.62;10.7;35.77;50.09;4.3;22.5;FALSCH
9900153000009;Haushalt;3.57;11.72;6.93;22.22;7.42;11.72;24;43.14;4.61;0;FALSCH
9900154000008;Haushalt;3.27;10.73;5.87;19.87;3.27;10.73;12.01;26.01;4.36;36;FALSCH
9900155000007;Haushalt;3.6;9;9;21.6;3.6;9;22.5;35.1;5.98;25;FALSCH
9900156000006;Haushalt;4.96;10.6;9.54;25.1;7.83;10.6;19.57;38;6.7;24.54;FALSCH
9900157000005;Haushalt;5.15;9.9;9.55;24.6;7.5;9.9;14.2;31.6;6.07;19;FALSCH
9900163000007;Haushalt;2.4;12;7.8;22.2;3.6;12;21.4;37;2.87;62;FALSCH
9900164000006;Haushalt;2.4;9.75;9.6;21.75;3.6;9.75;21;34.35;5.47;15;FALSCH
9900165000005;Haushalt;3.84;10.98;9;23.82;5.76;18.3;29.76;53.82;5.47;30;FALSCH
9900167000003;Haushalt;3;14;7;24;4;14;34;52;5.54;20;FALSCH
9900170000008;Haushalt;2.15;11.92;8.22;22.29;2.15;11.92;30.3;44.37;6.18;15;FALSCH
9900171000007;Haushalt;4.67;9.42;8.01;22.1;7;9.42;14.58;31;5.82;15;FALSCH
9900172000006;Haushalt;2.52;10.92;6.84;20.28;3.84;11.88;14.64;30.36;4.88;36.6;FALSCH
9900175000003;Haushalt;1.29;10.2;7.3;18.79;1.93;10.35;14.6;26.88;3.97;24;FALSCH
9900176000002;Haushalt;2.4;9.9;7.9;20.2;2.4;9.9;16.05;28.35;5.84;36;FALSCH
9900179000009;Haushalt;5.1;10.8;9;24.9;5.1;10.8;21;36.9;5.3;18;FALSCH
9900180000006;Haushalt;3.05;14.9;8.7;26.65;3.05;14.9;13.35;31.3;5.43;48;FALSCH
9900185000001;Haushalt;4.2;12;7.8;24;4.2;12;18;34.2;5.19;32.4;FALSCH
9900186000000;Haushalt;2;10.78;9.57;22.35;3.01;10.94;19.15;33.1;7;24.5;WAHR
9900187000009;Haushalt;3.5;12.98;7;23.48;3.5;12.98;13.62;30.1;6.35;20;FALSCH
9900188000008;Haushalt;5.2;9.6;10;24.8;8;9.6;20;37.6;5.26;24.54;FALSCH
9900190000004;Haushalt;4;12;8;24;6.4;12;15.8;34.2;4.83;16.74;FALSCH
9900191000003;Haushalt;5.2;9.94;7.79;22.93;8.54;9.94;10.21;28.69;4.9;18;FALSCH
9900196000008;Haushalt;3.16;12.5;9.86;25.52;4.74;12.5;19.72;36.96;6.49;48;WAHR
9900200000001;Haushalt;3;10;6;19;6;10;18;34;4.18;20;FALSCH
9900201000000;Haushalt;4.53;8;8.42;20.95;8.25;8;19.25;35.5;5.69;15;FALSCH
9900202000009;Haushalt;1.85;11.92;10.27;24.04;1.85;11.92;33.15;46.92;7.04;16;FALSCH
9900205000006;Haushalt;3.5;9.6;9.8;22.9;3.5;9.6;34.3;47.4;6.2;24;FALSCH
9900206000005;Haushalt;2.7;15;7.91;25.61;2.7;15;21.21;38.91;4.77;24;FALSCH
9900207000004;Haushalt;5.8;8.6;10.5;24.9;5.8;8.6;24.5;38.9;5.36;29.6;FALSCH
9900208000003;Haushalt;4.2;14;8.9;27.1;4.2;14;22.8;41;6.52;35.4;FALSCH
9900209000002;Haushalt;5.14;12;12.68;29.82;6.89;12.2;36.74;55.83;5.22;30;FALSCH
9900210000009;Haushalt;4.8;11.4;9;25.2;4.8;11.4;28.8;45;7.25;49.2;FALSCH
9900211000008;Haushalt;2.27;7.37;5.96;15.6;2.27;7.37;20.34;29.98;5.51;0;FALSCH
9900214000005;Haushalt;3.1;8;6.3;17.4;3.1;8;29.73;40.83;5.29;24;FALSCH
9900216000003;Haushalt;5;11.31;9;25.31;0;0;0;0;4.69;20;FALSCH
9900219000000;Haushalt;3.6;15;7.5;26.1;3.6;15;19.19;37.79;5.7;0;FALSCH
9900220000007;Haushalt;3.84;12;9;24.84;7.2;12.2;18.66;38.06;5.92;48;FALSCH
9900221000006;Haushalt;1.78;14.4;6.19;22.37;1.78;14.4;17.35;33.53;4.6;36.6;FALSCH
9900223000004;Haushalt;1.8;5.16;4.32;11.28;1.8;5.16;23.52;30.48;6.89;30;FALSCH
9900224000003;Haushalt;4.2;9;7.8;21;4.2;9;16.8;30;5.41;24;FALSCH
9900225000002;Haushalt;3.02;9.64;4.88;17.54;6.03;11.56;20.51;38.1;6.16;0;FALSCH
9900227000000;Haushalt;4.7;13.4;10.35;28.45;5.2;13.6;19.8;38.6;5.73;0;FALSCH
9900229000008;Haushalt;3.9;14;9;26.9;4.5;14;35;53.5;4.17;60;FALSCH
9900231000004;Haushalt;3.8;12;9.04;24.84;4.5;12.2;26.54;43.24;9.9;24;FALSCH
9900232000003;Haushalt;3.4;11.31;5.6;20.31;3.4;11.31;27.7;42.41;7.75;18;FALSCH
9900235000000;Haushalt;2.4;9.75;8.5;20.65;3.6;9.75;21;34.35;4.17;24;FALSCH
9900239000006;Haushalt;2.4;12;5.25;19.65;2.4;12;15;29.4;4.78;12;WAHR
9900242000001;Haushalt;1.11;10.54;8.66;20.31;1.11;10.54;8.66;20.31;4.44;30;FALSCH
9900243000000;Haushalt;5;11;8.5;24.5;8;12;20.5;40.5;6.66;24;FALSCH
9900244000009;Haushalt;3.93;8.21;10.85;22.99;7.86;9.85;19.02;36.73;5.74;25;FALSCH
9900245000008;Haushalt;5.5;18.4;7;30.9;0;0;0;0;4.66;9.2;FALSCH
9900247000006;Haushalt;4.19;9.45;7.77;21.41;6.72;10.31;18.15;35.18;5.88;0;FALSCH
9900248000005;Haushalt;2.1;12;7.95;22.05;2.1;12;9.8;23.9;5.18;29.2;FALSCH
9900249000004;Haushalt;2.4;9.5;8.5;20.4;3.6;9.5;21;34.1;3.93;24;FALSCH
9900251000000;Haushalt;1.55;10.49;9;21.04;2.33;10.65;17.99;30.97;5.08;36;FALSCH
9900254000007;Haushalt;4.23;11.87;9.14;25.24;7.17;12.18;33.45;52.8;5.49;25;FALSCH
9900256000005;Haushalt;3.7;12.5;8.4;24.6;3.7;12.5;20.2;36.4;5.81;30;FALSCH
9900257000004;Haushalt;4.5;9;9;22.5;5.5;9;13;27.5;6.04;15;FALSCH
9900258000003;Haushalt;4.32;10.2;13.68;28.2;4.32;10.2;27.96;42.48;5.48;35;FALSCH
9900259000002;Haushalt;2.42;9.19;8.78;20.39;2.42;9.19;27.93;39.54;5.28;24;FALSCH
9900261000008;Haushalt;1.82;11.23;7.8;20.85;1.82;11.23;22.2;35.25;5.42;20;FALSCH
9900262000007;Haushalt;4.6;15.2;10.2;30;4.6;15.2;35;54.8;3.99;28.2;FALSCH
9900269000000;Haushalt;2.47;16.09;9.94;28.5;3.59;16.09;21.11;40.79;5.15;6.3;FALSCH
9900270000007;Haushalt;4.21;11;10.49;25.7;8.42;11;20.98;40.4;5.65;24;FALSCH
9900271000006;Haushalt;2.7;8;8.13;18.83;2.7;8;31.03;41.73;6.4;0;FALSCH
9900272000005;Haushalt;5;8;2.8;15.8;15;10;6.7;31.7;5.17;0;FALSCH
9900273000004;Haushalt;4.2;12;9.57;25.77;4.8;12.2;26.56;43.56;5.99;24.54;FALSCH
9900274000003;Haushalt;3;10.66;8.63;22.29;4.38;12.37;18.01;34.76;4.82;0;FALSCH
9900275000002;Haushalt;1.4;7.28;8.84;17.52;0;0;0;0;4.35;30;FALSCH
9900277000000;Haushalt;2.03;8.01;10.98;21.02;2.03;8.01;15.89;25.93;5.01;15;FALSCH
9900278000009;Haushalt;1.82;7.83;9.24;18.89;3.6;7.83;15.96;27.39;5.47;29.85;FALSCH
9900279000008;Haushalt;3.7;10.84;8.95;23.49;3.7;10.84;13.36;27.9;7.27;0;FALSCH
9900280000005;Haushalt;2.69;8.37;6.21;17.27;2.69;8.37;7.15;18.21;5.64;0;FALSCH
9900281000004;Haushalt;4.2;12;9.57;25.77;4.8;12;26.56;43.36;6.49;24;FALSCH
9900283000002;Haushalt;2.5;10.9;10;23.4;2.9;10.9;20;33.8;8.46;27.61;FALSCH
9900285000000;Haushalt;1.6;11.52;9.62;22.74;2.39;11.69;19.24;33.32;5.03;25;FALSCH
9900286000009;Haushalt;1.8;7.8;7.8;17.4;1.8;7.8;16.2;25.8;5.88;30;FALSCH
9900287000008;Haushalt;5.2;11.98;9.2;26.38;8;12.2;18.8;39;5.32;25;FALSCH
9900291000002;Haushalt;3.99;11.87;10;25.86;3.99;11.87;32;47.86;5.77;24;FALSCH
9900292000001;Haushalt;4.76;10.9;9.14;24.8;8;10.9;20;38.9;4.78;72;FALSCH
9900293000000;Haushalt;2.43;10.29;8.67;21.39;3.3;10.29;29.66;43.25;4.68;40;FALSCH
9900295000008;Haushalt;3.11;12;5.79;20.9;3.83;12;8.94;24.77;7.21;0;FALSCH
9900298000005;Haushalt;3.91;11.31;9.04;24.26;4.51;12.24;21.12;37.87;5.16;24;FALSCH
9900299000004;Haushalt;3.87;4.03;6.82;14.72;5.95;4.03;13.64;23.62;3.95;10;FALSCH
9900300000000;Haushalt;2.4;16.9;9.6;28.9;2.4;16.9;19;38.3;9.31;36;WAHR
9900302000008;Haushalt;4.23;8;7.85;20.08;8;8;20.79;36.79;4.84;14.85;WAHR
9900304000006;Haushalt;3.59;8.27;11.04;22.9;8.4;9.45;19.6;37.45;5.85;18;FALSCH
9900307000003;Haushalt;2.4;9;8.1;19.5;2.4;9;19.5;30.9;4.77;24;FALSCH
9900308000002;Haushalt;5;10;9;24;7;12;14;33;5.69;53;FALSCH
9900309000001;Haushalt;5.04;12.34;13.68;31.06;6.26;16.04;17.77;40.07;6.81;36;FALSCH
9900310000008;Haushalt;2.49;12.07;7.2;21.76;3.89;12.07;18.47;34.43;5.57;15;FALSCH
9900313000005;Haushalt;4.27;8.48;8.88;21.63;4.27;8.62;31.08;43.97;4.99;15;FALSCH
9900314000004;Haushalt;2.5;12.5;7.2;22.2;4;13.5;18;35.5;4.43;36;FALSCH
9900317000001;Haushalt;2.5;8;6.37;16.87;2.5;8;11.59;22.09;6.02;0;FALSCH
9900318000000;Haushalt;3.48;10.44;8.76;22.68;5.04;11.88;18.24;35.16;5.66;15.6;FALSCH
9900319000009;Haushalt;2.9;12;9.8;24.7;2.9;12;34.3;49.2;5.3;15;FALSCH
9900320000006;Haushalt;3.8;12;9.04;24.84;4.5;12.2;28.54;45.24;5.33;48;WAHR
9900321000005;Haushalt;5.2;12.2;8.35;25.75;8;12.2;24.19;44.39;5.16;21.5;FALSCH
9900323000003;Haushalt;4.95;12;10;26.95;4.95;12;35;51.95;5.14;15;WAHR
9900327000009;Haushalt;3.71;7.05;9.05;19.81;5.7;7.05;18.1;30.85;4.8;18;FALSCH
9900328000008;Haushalt;4.06;13.1;7.17;24.33;6.24;15.28;14.34;35.86;4.97;35;FALSCH
9900330000004;Haushalt;2.64;10.92;7.56;21.12;2.64;10.92;20.52;34.08;5.46;54;FALSCH
9900332000002;Haushalt;3.2;15.65;7.1;25.95;3.2;15.65;17.64;36.49;5.33;49;FALSCH
9900334000000;Haushalt;3.61;11.1;6.44;21.15;3.99;13.21;30.77;47.97;5.48;25;FALSCH
9900336000008;Haushalt;3.29;9.52;2.45;15.26;3.29;9.52;12.24;25.05;4.95;49;FALSCH
9900337000007;Haushalt;0.99;6.4;15.01;22.4;0.99;6.4;38.16;45.55;5.46;24;FALSCH
9900339000005;Haushalt;6;8;9.63;23.63;8;8;15.54;31.54;4.28;42.6;FALSCH
9900340000002;Haushalt;2.4;11.4;7.5;21.3;2.4;11.4;9;22.8;5.96;30;FALSCH
9900341000001;Haushalt;2.4;12;12.6;27;2.4;12;27;41.4;5.58;24;FALSCH
9900343000009;Haushalt;3.17;10.89;9.05;23.11;3.17;10.89;18.1;32.16;6.18;25;FALSCH
9900344000008;Haushalt;3.4;12.6;10;26;6.4;16.4;29.2;52;6.37;36;FALSCH
9900346000006;Haushalt;3.24;9.79;8.65;21.68;4.99;10.61;17.3;32.9;5.89;20;FALSCH
9900348000004;Haushalt;2.52;14.64;10.44;27.6;2.52;14.64;16.08;33.24;5.32;24;FALSCH
9900350000000;Haushalt;1.53;12.28;5.73;19.54;1.53;12.28;15.73;29.54;4.33;40.26;FALSCH
9900355000005;Haushalt;5;6;9;20;5;6;12;23;5.25;15;FALSCH
9900357000003;Haushalt;2.22;6.2;5.82;14.24;2.22;6.2;23.28;31.7;5.43;0;FALSCH
9900359000001;Haushalt;4;8;10;22;4;8;38;50;6.33;0;FALSCH
9900360000008;Haushalt;2;14.4;8.2;24.6;2;14.4;17.4;33.8;4.83;38;FALSCH
9900361000007;Haushalt;3.6;12;5.6;21.2;3.6;12;21.02;36.62;4.69;18;FALSCH
9900363000005;Haushalt;2.4;8.5;8.5;19.4;2.4;8.5;28;38.9;7.57;0;FALSCH
9900365000003;Haushalt;5.2;12;8;25.2;8;12.2;16;36.2;5;15;FALSCH
9900366000002;Haushalt;3.59;9.02;6.77;19.38;3.59;9.02;20.1;32.71;5.99;29;FALSCH
9900367000001;Haushalt;5.16;11.31;9.04;25.51;8;12.24;21.12;41.36;8.64;0;FALSCH
9900368000000;Haushalt;3.51;11.4;9.51;24.42;7.02;11.4;19.02;37.44;5.41;50;FALSCH
9900369000009;Haushalt;3.74;12;10.65;26.39;4.87;14.4;23;42.27;5.48;28;FALSCH
9900371000005;Haushalt;1.49;8.26;8.64;18.39;2.3;8.93;29.09;40.32;3.35;24;FALSCH
9900372000004;Haushalt;5.2;9.08;9.5;23.78;8;11;42.21;61.21;3.44;25;FALSCH
9900375000001;Haushalt;2.48;7.8;9;19.28;2.73;7.8;18;28.53;5.8;0;FALSCH
9900379000007;Haushalt;6.85;11.21;6.18;24.24;6.85;11.21;26.76;44.82;5.18;20;FALSCH
9900380000004;Haushalt;4;11.31;4.5;19.81;4;11.31;25.52;40.83;7.74;15;FALSCH
9900381000003;Haushalt;3;10;9;22;3;10;25;38;6.01;22;FALSCH
9900386000008;Haushalt;4;12;3.2;19.2;7;12;4;23;5.99;0;FALSCH
9900387000007;Haushalt;1.77;9.77;9.44;20.98;2.44;9.77;33.06;45.27;3.77;17.8;FALSCH
9900388000006;Haushalt;5.2;11.3;10;26.5;8;12;35;55;6.29;12;FALSCH
9900396000006;Haushalt;2.39;11.03;10.74;24.16;3.35;11.16;29.2;43.71;5.67;22.92;FALSCH
9900399000003;Haushalt;4.8;8.44;10.4;23.64;7.5;8.44;35.8;51.74;5.49;10;FALSCH
9900401000008;Haushalt;3;11;6.1;20.1;3;11;15.9;29.9;5.95;48;FALSCH
9900402000007;Haushalt;3;11.31;6;20.31;3;11.31;29.02;43.33;4.64;30;FALSCH
9900403000006;Haushalt;5.13;10.5;9.87;25.5;8;10.5;20;38.5;4.65;15.19;FALSCH
9900405000004;Haushalt;3;13.8;8.9;25.7;5.5;13.8;28.9;48.2;5.27;19.5;FALSCH
9900406000003;Haushalt;2.15;10;8.4;20.55;2.15;10;20;32.15;6.29;37.2;WAHR
9900410000007;Haushalt;3.25;9;10.75;23;3.25;9;30.75;43;4.62;18.46;FALSCH
9900417000000;Haushalt;4.8;12;9.7;26.5;6.2;12;30.5;48.7;6.5;35;FALSCH
9900419000008;Haushalt;3.34;9.91;8.04;21.29;3.34;9.91;20.12;33.37;6.05;15;FALSCH
9900420000005;Haushalt;3.29;11.31;10.25;24.85;3.29;11.31;47.04;61.64;6.48;0;FALSCH
9900421000004;Haushalt;3;12;9.84;24.84;4.2;12.24;26.8;43.24;5.38;23;FALSCH
9900422000003;Haushalt;3;12;9.5;24.5;3.8;12.2;26.5;42.5;5.6;45;FALSCH
9900426000009;Haushalt;1.92;13.55;5.91;21.38;1.92;13.55;26.21;41.68;3.81;40.26;FALSCH
9900429000006;Haushalt;4.3;10;7.1;21.4;6.45;15;14.2;35.65;3.81;10;FALSCH
9900430000003;Haushalt;3.06;8;5.69;16.75;4.09;8;9.53;21.62;6.31;15;FALSCH
9900431000002;Haushalt;3.58;7.64;8.36;19.58;3.58;7.64;13.22;24.44;6.1;20;FALSCH
9900432000001;Haushalt;4;12;8.5;24.5;4;12.2;20;36.2;5.41;22;FALSCH
9900433000000;Haushalt;5;12;2.9;19.9;13.3;14.4;5.7;33.4;4.94;16.2;FALSCH
9900434000009;Haushalt;5.2;9.75;10;24.95;8;9.75;20;37.75;6.45;24.54;FALSCH
9900449000002;Haushalt;4.56;12;9.84;26.4;7.08;12.12;34.2;53.4;3.47;45;FALSCH
9900450000009;Haushalt;1.5;8.6;5;15.1;2;8.6;6;16.6;4.81;0;FALSCH
9900452000007;Haushalt;1.61;11.99;9.97;23.57;2.41;12.17;34.95;49.53;4.11;20;FALSCH
9900454000005;Haushalt;4.2;12;9.57;25.77;4.8;12.2;26.56;43.56;5.01;24;FALSCH
9900455000004;Haushalt;3.95;11.65;7.8;23.4;3.95;11.65;14.3;29.9;6.47;30;WAHR
9900456000003;Haushalt;4.08;8.69;7.18;19.95;4.08;10.02;10.06;24.16;4.01;15;FALSCH
9900457000002;Haushalt;2.48;11.53;8.57;22.58;3.72;11.53;25.71;40.96;4.04;44.88;FALSCH
9900459000000;Haushalt;1.92;11.52;7.68;21.12;1.92;11.52;26.88;40.32;6.29;38.5;FALSCH
9900460000007;Haushalt;2.48;7.8;9;19.28;2.73;7.8;18;28.53;5.8;0;FALSCH
9900461000006;Haushalt;3.6;13.2;7.2;24;6.4;15.8;25.8;48;5.45;48;FALSCH
9900462000005;Haushalt;4.69;10.8;11.5;26.99;8;10.8;20.3;39.1;6.76;36;FALSCH
9900463000004;Haushalt;4.68;9.48;9;23.16;7.2;9.6;20;36.8;5.53;30;FALSCH
9900464000003;Haushalt;3.8;12;9.96;25.76;4.5;12.2;31.11;47.81;4.66;48;FALSCH
9900465000002;Haushalt;3;12;9.8;24.8;3;12;18;33;5.81;16;FALSCH
9900466000001;Haushalt;2.03;10.31;5.9;18.24;3.05;10.31;11.66;25.02;6.37;0;FALSCH
9900467000000;Haushalt;3.45;10.02;6.41;19.88;5.17;11.03;9.61;25.81;5.64;0;FALSCH
9900469000008;Haushalt;1.8;5.5;7.2;14.5;1.8;5.5;12;19.3;5.44;15;FALSCH
9900470000005;Haushalt;4;11.31;4.5;19.81;4;11.31;25.52;40.83;6.89;15;FALSCH
9900471000004;Haushalt;2.16;11.32;6.6;20.08;2.16;11.32;29.85;43.33;5.5;15;FALSCH
9900472000003;Haushalt;5.15;11.96;9.46;26.57;7.35;11.96;17.27;36.58;5.04;17;FALSCH
9900473000002;Haushalt;4.44;7.08;8.64;20.16;4.44;7.08;32.04;43.56;5.44;10;FALSCH
9900474000001;Haushalt;7;13.1;14;34.1;13;13.1;26;52.1;7.5;36;WAHR
9900475000000;Haushalt;5.49;12.81;9.15;27.45;9.15;12.81;31.11;53.07;4.34;21.96;FALSCH
9900476000009;Haushalt;4.7;9.65;8.6;22.95;8;12;21.4;41.4;5.33;18;FALSCH
9900479000006;Haushalt;1.9;11.75;10.33;23.98;1.9;11.75;25.73;39.38;5;0;FALSCH
9900482000001;Haushalt;4.7;8.12;6;18.82;4.7;8.12;7.5;20.32;5.39;25;FALSCH
9900484000009;Haushalt;5.5;12;12;29.5;5.5;12.2;20;37.7;7.84;48;FALSCH
9900485000008;Haushalt;1.99;12;8.24;22.23;1.99;12;16.36;30.35;4.82;19;FALSCH
9900486000007;Haushalt;1.2;8;3.27;12.47;1.2;8;3.27;12.47;4.77;0;FALSCH
9900489000004;Haushalt;3.02;12;10.58;25.6;3.27;12.24;25.63;41.14;7.29;24;FALSCH
9900495000006;Haushalt;1.2;13.8;9.9;24.9;2.4;13.8;16.3;32.5;5.35;24.5;FALSCH
9900496000005;Haushalt;3.31;11.88;3.84;19.03;3.31;11.88;7.68;22.87;5.5;40;FALSCH
9900500000008;Haushalt;5.16;8.88;8.16;22.2;5.16;8.88;8.16;22.2;4.7;10;FALSCH
9900505000003;Haushalt;2.4;10.2;7.8;20.4;2.4;10.2;9;21.6;6.12;0;WAHR
9900506000002;Haushalt;2.8;11.86;9.74;24.4;4.8;11.86;19.99;36.65;7.1;0;FALSCH
9900508000000;Haushalt;3.5;7.5;8;19;8;7.5;20;35.5;5;25;FALSCH
9900510000006;Haushalt;2;9.7;8.1;19.8;2;9.7;18.6;30.3;4.93;40;FALSCH
9900511000005;Haushalt;5.4;10.98;8.89;25.27;5.4;10.98;17.85;34.23;5.15;30;FALSCH
9900512000004;Haushalt;2;8;5;15;2;8;20;30;3.88;28;FALSCH
9900514000002;Haushalt;2.07;11.23;7.45;20.75;3.1;11.39;14.9;29.39;5.3;24.6;FALSCH
9900518000008;Haushalt;3.66;10.98;8.97;23.61;3.66;10.98;18.52;33.16;5.15;15.24;FALSCH
9900519000007;Haushalt;4.09;12.71;8.1;24.9;8.18;13.72;16.21;38.11;6.84;0;FALSCH
9900520000004;Haushalt;1.4;11.97;9.84;23.21;2.1;12.15;19.69;33.94;5.25;30;FALSCH
9900521000003;Haushalt;2.29;14.3;9.17;25.76;2.29;14.3;31.22;47.81;7.62;25;FALSCH
9900522000002;Haushalt;4.25;10.75;7.05;22.05;4.25;10.75;20.99;35.99;6.45;18;FALSCH
9900523000001;Haushalt;3.46;8.92;6.67;19.05;3.46;9.73;13.35;26.54;5.14;15;FALSCH
9900524000000;Haushalt;3.6;11.31;7.2;22.11;3.6;11.31;36.83;51.74;5.53;30;FALSCH
9900525000009;Haushalt;5.2;12;8;25.2;8;12.2;24;44.2;3.55;9;FALSCH
9900526000008;Haushalt;5.16;8;9.04;22.2;8;8;21.12;37.12;5.8;0;FALSCH
9900527000007;Haushalt;4.2;9.75;7.5;21.45;4.41;11.7;9;25.11;4.86;35;FALSCH
9900531000001;Haushalt;2.17;13.02;10.2;25.39;2.17;13.02;27.6;42.79;3.64;18.96;FALSCH
9900533000009;Haushalt;5.2;11.81;8.25;25.26;7.49;11.81;30.65;49.95;3.5;25;FALSCH
9900534000008;Haushalt;3.5;12;9.8;25.3;3.5;12;34.8;50.3;5.24;30;FALSCH
9900535000007;Haushalt;2.71;10.2;7.44;20.35;4.02;10.2;19.2;33.42;7.54;54;FALSCH
9900536000006;Haushalt;4.5;12.95;9;26.45;5.5;16.95;35;57.45;6.78;32.4;FALSCH
9900537000005;Haushalt;3.95;9;8.05;21;3.95;9;34.45;47.4;7.86;36;FALSCH
9900539000003;Haushalt;2.45;6.8;15.72;24.97;4.9;6.8;26.16;37.86;5.95;0;FALSCH
9900540000000;Haushalt;2.65;12.65;8.7;24;3.1;12.65;32.4;48.15;7.15;24.5;FALSCH
9900541000009;Haushalt;1.47;9;7.77;18.24;2.2;9;10.38;21.58;5.49;15;FALSCH
9900545000005;Haushalt;3;9.6;8.4;21;3;9.6;19.2;31.8;5.59;14;FALSCH
9900547000003;Haushalt;4.2;12;9.8;26;4.8;12.2;31;48;7.04;0;FALSCH
9900549000001;Haushalt;4.55;11.2;8.75;24.5;8;11.2;20;39.2;7.33;0;FALSCH
9900552000006;Haushalt;2.02;11.99;9.95;23.96;3.03;12.17;19.9;35.1;4.71;36;WAHR
9900553000005;Haushalt;5.03;9.5;8.63;23.16;5.03;9.5;12.69;27.22;4.05;30;FALSCH
9900554000004;Haushalt;1.8;10.92;8.11;20.83;1.8;10.92;29.4;42.12;5.16;15;FALSCH
9900555000003;Haushalt;4.59;10.19;10.71;25.49;8.36;15.16;12.55;36.07;6.72;10;FALSCH
9900556000002;Haushalt;2.02;3.87;4.72;10.61;2.02;3.87;12.13;18.02;5.13;20;WAHR
9900557000001;Haushalt;2.8;7.34;7.8;17.94;2.8;9.65;12;24.45;6.5;0;WAHR
9900558000000;Haushalt;4.25;9.1;6.32;19.67;4.25;9.1;21.5;34.85;4.83;50;FALSCH
9900561000005;Haushalt;3.48;7.44;9.96;20.88;3.96;8.4;23.64;36;4.76;20;FALSCH
9900563000003;Haushalt;3.3;14.6;8.1;26;6.7;19.1;25.9;51.7;4.23;47.58;FALSCH
9900566000000;Haushalt;2.9;12;7.2;22.1;3.8;12;17.4;33.2;6.28;40.15;FALSCH
9900567000009;Haushalt;2.47;9.94;7.14;19.55;3.7;9.94;9.06;22.7;8.85;40;WAHR
9900568000008;Haushalt;5.05;6.68;9.29;21.02;5.9;6.68;13.77;26.35;5.37;0;FALSCH
9900569000007;Haushalt;4.88;12;8.12;25;5.88;12;20.72;38.6;8.8;15;FALSCH
9900570000004;Haushalt;5.2;9;10;24.2;8;9;20;37;7.35;24;FALSCH
9900572000002;Haushalt;3.8;12;9.97;25.77;4.5;12.2;26.86;43.56;5.14;24;FALSCH
9900574000000;Haushalt;2.4;13.5;6.6;22.5;2.4;13.5;16.5;32.4;4.36;48;FALSCH
9900575000009;Haushalt;3;13;7.5;23.5;3;13;23;39;4.99;8;FALSCH
9900576000008;Haushalt;3.12;12;7.2;22.32;3.12;12;14.4;29.52;6.88;24.96;FALSCH
9900577000007;Haushalt;3.66;14.64;7.77;26.07;3.66;14.64;15.46;33.76;5.66;30;FALSCH
9900578000006;Haushalt;2.3;8;8.4;18.7;2.3;8;19.8;30.1;4.04;50;FALSCH
9900579000005;Haushalt;2.7;12;8;22.7;3.5;12.2;17;32.7;5.57;25;FALSCH
9900580000002;Haushalt;2.75;8;4.2;14.95;2.75;8;18.5;29.25;5.15;0;FALSCH
9900581000001;Haushalt;5;9;9;23;8;9;18;35;6.13;16;FALSCH
9900582000000;Haushalt;1.89;7.98;6.69;16.56;1.89;7.98;18.95;28.82;5.88;15;FALSCH
9900584000008;Haushalt;3.5;9;7;19.5;3.5;9;17;29.5;5.15;40;FALSCH
9900585000007;Haushalt;2.25;11.92;8.92;23.09;2.25;11.92;30.77;44.94;5.82;25;WAHR
9900586000006;Haushalt;3.47;11;6.09;20.56;7.88;11;21;39.88;5.4;24.96;FALSCH
9900588000004;Haushalt;1.92;7.46;7.42;16.8;1.92;7.46;29.73;39.11;5.95;15;WAHR
9900591000009;Haushalt;3.5;12;7;22.5;5.5;12.2;17;34.7;6.61;49;FALSCH
9900593000007;Haushalt;3;11;8;22;3;11;14;28;4.45;26;FALSCH
9900594000006;Haushalt;2.4;11.35;7.8;21.55;2.4;11.35;19.8;33.55;4.71;36;FALSCH
9900597000003;Haushalt;4;12;7.8;23.8;4;12;15;31;4.23;54;FALSCH
9900599000001;Haushalt;4.13;11.75;8.09;23.97;6.35;12.08;28.3;46.73;4.56;20;FALSCH
9900601000006;Haushalt;2;9;6.59;17.59;2;9;13.17;24.17;5.4;0;FALSCH
9900602000005;Haushalt;3;10.5;6.52;20.02;3;10.5;29;42.5;4.82;29.87;FALSCH
9900603000004;Haushalt;2;12;9;23;2;12;9;23;5.09;39;FALSCH
9900604000003;Haushalt;2.79;19.32;6.92;29.03;4.18;19.32;35.7;59.2;5.12;15.43;FALSCH
9900607000000;Haushalt;6.3;12.5;10.5;29.3;10.2;13.8;19.1;43.1;5.24;12;FALSCH
9900608000009;Haushalt;3.09;11.19;6.04;20.32;4.76;11.37;18.12;34.25;4.73;24;FALSCH
9900609000008;Haushalt;4.55;12;8.74;25.29;8;12;20;40;7.92;25;FALSCH
9900610000005;Haushalt;2.73;9;11;22.73;2.73;9;32.91;44.64;6.08;28;FALSCH
9900613000002;Haushalt;5;8;8.8;21.8;5;8;18;31;5.57;0;FALSCH
9900615000000;Haushalt;2.6;13.2;9.2;25;2.6;13.2;23.7;39.5;5.45;0;FALSCH
9900619000006;Haushalt;3.72;3.7;7.54;14.96;3.72;3.7;11.31;18.73;5.56;0;FALSCH
9900620000003;Haushalt;4.85;10.92;12;27.77;4.85;10.92;24;39.77;5.45;42;FALSCH
9900623000000;Haushalt;2.45;12;10.46;24.91;2.45;12;33.05;47.5;9.78;25;WAHR
9900624000009;Haushalt;2.3;10.4;8.5;21.2;2.3;10.4;15;27.7;5.24;45;FALSCH
9900625000008;Haushalt;5.2;10;10;25.2;8;10;20;38;5.3;24.6;FALSCH
9900628000005;Haushalt;2.5;10.5;8;21;2.5;10.5;18;31;5.82;39.5;FALSCH
9900629000004;Haushalt;3;11.76;10.44;25.2;3;11.76;29.64;44.4;6.06;42;FALSCH
9900631000000;Haushalt;2.4;14.28;8.4;25.08;2.4;14.28;20.16;36.84;4.61;36;FALSCH
9900632000009;Haushalt;2.4;12;7.8;22.2;2.4;12;26.4;40.8;4.82;42;FALSCH
9900633000008;Haushalt;2.4;11.2;9.1;22.7;3.6;11.2;33;47.8;5.34;24;FALSCH
9900634000007;Haushalt;4.56;7.84;9.63;22.03;4.56;7.84;17.88;30.28;5.19;30;FALSCH
9900635000006;Haushalt;3.9;12.5;7;23.4;6.7;12.5;17.84;37.04;4.19;25;FALSCH
9900636000005;Haushalt;2.54;6.96;5.93;15.43;2.54;6.96;15.46;24.96;4.99;0;WAHR
9900638000003;Haushalt;5.06;11;9.74;25.8;8;11;20;39;5.93;24;FALSCH
9900640000009;Haushalt;5.2;8;10;23.2;5.2;8;19.86;33.06;3.81;75;FALSCH
9900642000007;Haushalt;2.3;5.94;5.37;13.61;2.3;5.94;13.04;21.28;5.15;0;FALSCH
9900644000005;Haushalt;4.33;15.06;6.84;26.23;7.08;15.06;12.6;34.74;5.1;20;FALSCH
9900645000004;Haushalt;2.5;11;8;21.5;2.5;11;17;30.5;4.26;58.56;FALSCH
9900646000003;Haushalt;1.8;6;7.2;15;1.8;6;15.6;23.4;7.33;0;FALSCH
9900647000002;Haushalt;4.56;7.84;9.63;22.03;4.56;7.84;17.88;30.28;5.19;30;FALSCH
9900648000001;Haushalt;2.5;12;10;24.5;2.5;12;20;34.5;6.09;40;WAHR
9900649000000;Haushalt;2.6;12;8.8;23.4;2.6;12;18.6;33.2;6.21;40;FALSCH
9900651000006;Haushalt;3.5;10.14;9.96;23.6;3.5;10.14;34.8;48.44;6.7;15;FALSCH
9900652000005;Haushalt;1.81;12;9.96;23.77;1.81;12;19.91;33.72;5.55;15;FALSCH
9900654000003;Haushalt;2.26;11.47;6.59;20.32;2.26;12.62;12.25;27.13;4.2;18;FALSCH
9900656000001;Haushalt;2.66;7.89;6.01;16.56;4.09;8.55;21.04;33.68;4.92;24;FALSCH
9900657000000;Haushalt;3.73;10.1;7.17;21;8;10.1;20;38.1;4.45;29;FALSCH
9900658000009;Haushalt;5.2;10.1;10;25.3;8;10.1;20;38.1;4.93;48;FALSCH
9900659000008;Haushalt;3.7;14.2;8.5;26.4;6.2;19.3;27.4;52.9;6.37;47.58;FALSCH
9900662000003;Haushalt;4.2;7;10.5;21.7;4.7;7;19.8;31.5;5.19;20;FALSCH
9900664000001;Haushalt;4.89;9.7;9.41;24;8;9.7;20;37.7;6.73;49.5;FALSCH
9900665000000;Haushalt;2.5;5.35;7.9;15.75;2.5;5.35;33.47;41.32;5.25;36;FALSCH
9900666000009;Haushalt;2.71;10;8.13;20.84;2.71;10;32.25;44.96;6.16;18;FALSCH
9900667000008;Haushalt;3.6;12;9.6;25.2;3.6;12;19.8;35.4;3.43;42;FALSCH
9900668000007;Haushalt;4;12;9;25;4;12.2;15;31.2;5.43;28;FALSCH
9900670000003;Haushalt;2;10;6;18;4;10;30;44;4.6;0;FALSCH
9900671000002;Haushalt;4.62;10.62;9.75;24.99;4.62;10.62;18.39;33.63;6.25;20;FALSCH
9900672000001;Haushalt;2.29;7.98;8.2;18.47;2.29;7.98;33.4;43.67;8.09;15;WAHR
9900673000000;Haushalt;4.6;11.35;8;23.95;8;12;34.71;54.71;5.38;25;FALSCH
9900674000009;Haushalt;3.03;6.73;7.11;16.87;5.35;6.73;12.38;24.46;5.73;0;FALSCH
9900675000008;Haushalt;3.2;9;8.2;20.4;3.2;9;21;33.2;6.5;0;FALSCH
9900676000007;Haushalt;3.66;7.32;10.98;21.96;5.49;10.98;14.64;31.11;4.36;32.94;FALSCH
9900677000006;Haushalt;4.2;12;9.57;25.77;4.8;12.2;26.56;43.56;5.94;35;FALSCH
9900678000005;Haushalt;1.8;5.4;7.2;14.4;1.8;5.4;17.4;24.6;5.38;15;FALSCH
9900679000004;Haushalt;2.81;13.13;7.52;23.46;4.33;13.13;15.04;32.5;5.18;25;FALSCH
9900680000001;Haushalt;1.87;5.27;6.53;13.67;2.34;6.85;17.86;27.05;4;22.5;FALSCH
9900681000000;Haushalt;5;12;10;27;5;12;20;37;5;25;FALSCH
9900683000008;Haushalt;5.2;11.16;9.7;26.06;5.2;11.16;38.7;55.06;5.22;6;FALSCH
9900684000007;Haushalt;10.06;8.68;13.8;32.54;10.06;8.68;17.25;35.99;7.48;0;WAHR
9900685000006;Haushalt;3.7;10.55;10.72;24.97;5.66;10.55;35.29;51.5;3.3;25;FALSCH
9900686000005;Haushalt;5.04;11.96;9.66;26.66;6.72;11.96;34.31;52.99;7.74;19;FALSCH
9900687000004;Haushalt;4.89;10.2;9.41;24.5;8;10.2;20;38.2;6.06;0;FALSCH
9900688000003;Haushalt;1.78;9.92;6.65;18.35;1.78;9.92;17.2;28.9;4.95;15;FALSCH
9900689000002;Haushalt;2.53;12.99;9.07;24.59;3.79;12.99;22.7;39.48;5.53;24;FALSCH
9900690000009;Haushalt;3.99;11.87;10;25.86;3.99;11.87;32.36;48.22;5.99;6;FALSCH
9900693000006;Haushalt;4;10;9;23;4;10;20;34;6.5;25;FALSCH
9900694000005;Haushalt;3;12;9.85;24.85;3.8;12.2;27.26;43.26;4.83;24;FALSCH
9900701000005;Haushalt;2.32;13.6;10.08;26;2.82;13.89;15.11;31.82;5.82;15.84;FALSCH
9900702000004;Haushalt;3.9;11;4;18.9;3.9;11;23.6;38.5;4.68;30;FALSCH
9900704000002;Haushalt;5.2;10.3;10;25.5;8;10.3;20;38.3;7.21;0;FALSCH
9900705000001;Haushalt;3.26;12.7;11.63;27.59;4.7;12.7;33.7;51.1;4.99;37.29;FALSCH
9900706000000;Haushalt;3.8;12;8;23.8;4.5;12.2;22.96;39.66;5.53;32.17;FALSCH
9900707000009;Haushalt;2.23;11.97;8.92;23.12;2.23;11.97;30.9;45.1;5.17;15;FALSCH
9900708000008;Haushalt;4.41;10.2;8.49;23.1;8;10.2;20;38.2;5.77;20;FALSCH
9900709000007;Haushalt;4.25;9.78;8.71;22.74;7.92;9.78;19.06;36.76;7.64;0;FALSCH
9900710000004;Haushalt;2.4;11.4;8.1;21.9;2.4;11.4;23.7;37.5;4.34;40;FALSCH
9900712000002;Haushalt;4.8;7.44;8.4;20.64;4.8;7.44;27.6;39.84;5.85;36;FALSCH
9900713000001;Haushalt;3.5;12;7.2;22.7;3.5;12;10.8;26.3;6.3;43.92;FALSCH
9900714000000;Haushalt;3.03;14.18;9;26.21;6.09;14.18;17.8;38.07;5.87;21;FALSCH
9900716000008;Haushalt;3.3;14.11;7.94;25.35;4.81;14.11;27.79;46.71;6.45;28;FALSCH
9900717000007;Haushalt;3.66;10.98;10.98;25.62;3.66;10.98;29.28;43.92;6.83;47.58;FALSCH
9900718000006;Haushalt;4.2;12;9.57;25.77;4.8;12.2;26.56;43.56;6.19;0;FALSCH
9900719000005;Haushalt;2.88;13.8;9.12;25.8;2.88;13.8;37.32;54;8.14;63;FALSCH
9900726000006;Haushalt;0.89;12.51;11;24.4;0.89;12.51;18.96;32.36;6.13;18;FALSCH
9900730000000;Haushalt;2.34;11.87;9.3;23.51;2.34;11.87;26.27;40.48;6.75;38.5;FALSCH
9900737000003;Haushalt;4.2;12;9.57;25.77;4.8;12.2;26.56;43.56;5.67;24;FALSCH
9900738000002;Haushalt;5.17;10.93;9.12;25.22;7.23;10.93;19.82;37.98;4.48;16.5;FALSCH
9900739000001;Haushalt;1.87;8.72;8.2;18.79;1.87;8.72;19.85;30.44;5.06;25;FALSCH
9900740000008;Haushalt;4.2;12;7.8;24;4.2;12;18;34.2;5.14;48;FALSCH
9900741000007;Haushalt;3.7;14.9;7.8;26.4;6.1;20;28.7;54.8;6.68;47.58;FALSCH
9900742000006;Haushalt;3;10.08;6.84;19.92;3;10.08;15.84;28.92;5.5;32;FALSCH
9900743000005;Haushalt;2.19;14.44;7.24;23.87;2.19;14.44;30.2;46.83;4.32;15;FALSCH
9900744000004;Haushalt;2.88;11.19;5.66;19.73;6.42;11.19;31.33;48.94;5.56;29.5;FALSCH
9900745000003;Haushalt;1.68;14.88;5.4;21.96;2.64;15.96;21.12;39.72;6.95;20.4;FALSCH
9900746000002;Haushalt;2.4;9;5.76;17.16;3.48;9;8.6;21.08;5.72;30;FALSCH
9900747000001;Haushalt;3.72;6.12;6.72;16.56;6.72;10.44;13.56;30.72;5.72;30;FALSCH
9900748000000;Haushalt;5.2;11.9;8.5;25.6;8;12.2;27;47.2;7.35;25;FALSCH
9900749000009;Haushalt;1.75;7.78;6.03;15.56;2.7;7.78;18.66;29.14;6.33;25;FALSCH
9900750000006;Haushalt;1.2;16.79;10.22;28.21;1.2;16.79;22.68;40.67;5.9;18;FALSCH
9900751000005;Haushalt;3.6;9.5;5.5;18.6;3.6;9.5;30.86;43.96;6.52;18;FALSCH
9900752000004;Haushalt;2.76;11.32;10.17;24.25;4.14;16.97;15.25;36.36;6.17;16.31;FALSCH
9900753000003;Haushalt;3.7;10;6.5;20.2;3.7;10;15.19;28.89;7.45;25;FALSCH
9900754000002;Haushalt;4.56;18.36;4.68;27.6;4.56;18.36;4.68;27.6;6.28;47.55;FALSCH
9900755000001;Haushalt;3;10.2;6.6;19.8;3;10.2;20.66;33.86;5.06;33;FALSCH
9900756000000;Haushalt;2.36;13.91;8.6;24.87;2.36;13.91;8.6;24.87;5.1;30;FALSCH
9900757000009;Haushalt;5.2;12;15;32.2;5.2;12;15;32.2;5.66;42;FALSCH
9900759000007;Haushalt;1.94;6.87;8.34;17.15;1.94;6.87;16.29;25.1;4.51;20;FALSCH
9900760000004;Haushalt;4.92;11.67;9.04;25.63;7.76;12.15;30.97;50.88;5.08;18.25;FALSCH
9900761000003;Haushalt;1.8;6;7.2;15;1.8;6;7.2;15;6.56;22.5;FALSCH
9900762000002;Haushalt;3.03;12.93;10.93;26.89;3.03;12.93;10.93;26.89;5.85;37.9;FALSCH
9900763000001;Haushalt;4;10.5;5;19.5;15;12;10;37;6.64;14.5;FALSCH
9900765000009;Haushalt;5.2;10.6;10;25.8;8;10.6;20;38.6;5.89;24;FALSCH
9900766000008;Haushalt;4.26;11.31;9.04;24.61;4.26;11.31;36.12;51.69;6.84;45;FALSCH
9900767000007;Haushalt;1.35;11.4;10.5;23.25;1.35;11.4;25.7;38.45;6.5;23;FALSCH
9900770000002;Haushalt;3.5;13.33;12.05;28.88;3.5;13.33;35.05;51.88;5.38;19.21;FALSCH
9900771000001;Haushalt;3.64;11.14;6.47;21.25;3.64;11.14;14.89;29.67;5.39;39.9;FALSCH
9900772000000;Haushalt;3;11.84;9.76;24.6;3;11.84;20.78;35.62;6.17;13.8;FALSCH
9900773000009;Haushalt;3.2;11.65;6.3;21.15;4.35;11.65;21.61;37.61;4.49;15.36;FALSCH
9900774000008;Haushalt;1.2;10.8;7.8;19.8;1.2;10.8;15.6;27.6;4.57;18.7;FALSCH
9900775000007;Haushalt;2.4;8.63;6.72;17.75;2.4;8.63;12.72;23.75;4.51;18;FALSCH
9900776000006;Haushalt;1.84;8.62;5.24;15.7;5.4;8.62;18.6;32.62;4.24;29.5;FALSCH
9900777000005;Haushalt;1.85;7.5;5;14.35;1.85;7.5;27;36.35;6.07;21;FALSCH
9900778000004;Haushalt;2.4;9;8.5;19.9;3.6;9;21;33.6;4.89;18;FALSCH
9900781000009;Haushalt;2.45;12.07;8.17;22.69;2.45;12.07;30.86;45.38;7.75;18;FALSCH
9900782000008;Haushalt;1.8;7.2;6.6;15.6;1.8;7.2;20.4;29.4;6.88;27.5;FALSCH
9900783000007;Haushalt;1.8;7.2;7.2;16.2;1.8;7.2;20.4;29.4;5.48;24;FALSCH
9900784000006;Haushalt;1.68;11.88;7.14;20.7;1.68;11.88;9.88;23.44;7.05;24;FALSCH
9900786000004;Haushalt;2.5;12;7;21.5;2.5;12.2;16.3;31;3.5;30.6;FALSCH
9900788000002;Haushalt;2;11.75;6.85;20.6;2;11.75;34.15;47.9;6.92;35.04;FALSCH
9900789000001;Haushalt;1.77;13.46;11.16;26.39;1.77;13.46;33.97;49.2;4.74;40;FALSCH
9900790000008;Haushalt;4.1;11.31;7.3;22.71;4.1;11.31;32.06;47.47;6.36;15;FALSCH
9900791000007;Haushalt;3.48;5.62;6.47;15.57;3.48;5.62;9.78;18.88;6.06;0;FALSCH
9900792000006;Haushalt;1.45;11.9;4.65;18;2.85;12.14;17.2;32.19;5.62;0;FALSCH
9900793000005;Haushalt;2.19;10.6;8.5;21.29;2.19;10.6;21.12;33.91;7.97;0;FALSCH
9900794000004;Haushalt;3.12;11.51;8.4;23.03;5.71;11.51;23.54;40.76;4.59;7;FALSCH
9900795000003;Haushalt;3.13;7.17;9.2;19.5;4.7;7.17;20.73;32.6;5.84;6.98;FALSCH
9900796000002;Haushalt;4.37;11.05;8.99;24.41;4.37;12.05;21.05;37.47;6.11;22.56;FALSCH
9900797000001;Haushalt;3.3;14.2;8.5;26;5.7;19.3;28.2;53.2;6.51;47.58;FALSCH
9900798000000;Haushalt;1.08;12;4.52;17.6;1.08;12.2;23.04;36.32;5.81;18.64;FALSCH
9900799000009;Haushalt;2.16;14.31;8.64;25.11;2.16;14.31;20.19;36.66;5.95;36;WAHR
9900800000005;Haushalt;3.3;14.4;9.8;27.5;3.3;14.4;22.9;40.6;5.17;20;FALSCH
9900875000006;Haushalt;2.45;7.89;8.55;18.89;2.45;7.89;32.35;42.69;7.66;25;FALSCH
9900909000005;Haushalt;3.02;10;3.69;16.71;5.85;10;10.6;26.45;4.1;13;FALSCH
9900911000001;Haushalt;1.32;14.52;8.16;24;1.44;14.52;15.72;31.68;5.5;24.19;FALSCH
9900912000000;Haushalt;0.88;12.33;7.89;21.1;0.88;12.33;10.87;24.08;4.1;23.85;FALSCH
9900913000009;Haushalt;1.8;12.02;5.5;19.32;1.8;12.02;24.02;37.84;6.57;24.5;FALSCH
9900915000007;Haushalt;1.85;9.55;5.9;17.3;1.85;9.55;20.3;31.7;5.26;27.37;FALSCH
9900921000009;Haushalt;1.95;12.34;8.87;23.16;1.95;12.34;29.05;43.34;7.06;20;FALSCH
9900922000008;Haushalt;1.71;9.57;7.77;19.05;1.71;9.65;18.55;29.91;5.09;20;FALSCH
9900923000007;Haushalt;1.75;13.8;7.84;23.39;4.8;14.4;18.3;37.5;6.9;29.28;FALSCH
9900924000006;Haushalt;2.4;12.5;7.17;22.07;4.2;12.5;24.86;41.56;6.72;25.25;FALSCH
9900925000005;Haushalt;1.95;10.92;8.68;21.55;1.95;10.92;31;43.87;5.88;17.53;FALSCH
9900926000004;Haushalt;2.4;10.5;8.5;21.4;3.6;10.5;21;35.1;4.76;27;FALSCH
9900927000003;Haushalt;2.4;13.56;7.8;23.76;4.2;14.88;32.4;51.48;4.82;20;FALSCH
9900928000002;Haushalt;2;12.5;7;21.5;2;12.5;8.5;23;6.9;24;FALSCH
9900929000001;Haushalt;2.4;8.5;8.5;19.4;3.6;8.5;21;33.1;6.93;0;FALSCH
9900930000008;Haushalt;3.7;6.9;8.55;19.15;3.7;6.9;12.5;23.1;5.08;24.9;FALSCH
9900931000007;Haushalt;3.65;11.31;6.15;21.11;3.65;11.31;29.38;44.34;6.38;20;FALSCH
9900932000006;Haushalt;1.4;10.5;5.6;17.5;1.4;10.5;17.8;29.7;4.39;38.5;FALSCH
9900933000005;Haushalt;3.71;11.31;6.7;21.72;3.71;11.31;30.66;45.68;6.05;36;FALSCH
9900934000004;Haushalt;1.8;19.54;6.6;27.94;3.6;19.54;17.76;40.9;5.78;25;FALSCH
9900936000002;Haushalt;3.44;11.31;6.1;20.85;3.44;11.31;29.26;44.01;5.65;24;FALSCH
9900938000000;Haushalt;2.88;15;8.76;26.64;5.76;15;22.26;43.02;7.25;48;FALSCH
9900939000009;Haushalt;2;11.8;6.5;20.3;3.9;16.4;25.4;45.7;5.97;54.9;FALSCH
9900941000005;Haushalt;3.5;11;8.5;23;3.5;12;20;35.5;4.37;18;FALSCH
9900942000004;Haushalt;3;10.4;6.6;20;3;10.4;19.46;32.86;6.94;33;FALSCH
9900944000002;Haushalt;4.2;12;9;25.2;4.2;12;19.2;35.4;6.61;30;FALSCH
9900947000009;Haushalt;1.44;12;8.4;21.84;1.44;12;16.44;29.88;5.98;22.3;FALSCH
9900948000008;Haushalt;0.9;11.25;3.06;15.21;1.2;11.25;9.12;21.57;6.14;4.8;FALSCH
9900949000007;Haushalt;1.85;11.42;8.35;21.62;1.85;11.42;30.9;44.17;6.27;25;FALSCH
9900950000004;Haushalt;3.2;11.84;8.05;23.09;3.2;11.84;50.58;65.62;7.61;20.87;FALSCH
9900951000003;Haushalt;1.8;12;9.6;23.4;1.8;12;21.6;35.4;5.74;35;FALSCH
9900952000002;Haushalt;1.94;8.76;3.61;14.31;1.94;8.76;22.38;33.08;6.46;15;FALSCH
9900953000001;Haushalt;4.15;12.06;7.5;23.71;4.15;12.06;21.1;37.31;6.92;20.34;FALSCH
9900954000000;Haushalt;3.3;14.2;8.5;26;5.7;19.3;28.2;53.2;6.99;47.58;FALSCH
9900955000009;Haushalt;3.3;14.2;8.5;26;5.7;19.3;28.2;53.2;5.97;47.58;FALSCH
9900956000008;Haushalt;3.96;12;7.65;23.61;5.89;12.2;15;33.09;4.37;24;FALSCH
9900957000007;Haushalt;1.55;11.39;9.04;21.98;1.55;11.39;24.02;36.96;5.72;23.4;FALSCH
9900958000006;Haushalt;2.7;11.44;8;22.14;3.3;11.44;26.61;41.35;5.69;22;FALSCH
9900959000005;Haushalt;1.84;10.04;8.88;20.76;1.84;11.24;13.32;26.4;4.47;32.94;FALSCH
9900960000002;Haushalt;1.8;9.9;6;17.7;1.8;9.9;17.5;29.2;5.81;36.6;FALSCH
9900961000001;Haushalt;3.7;11.31;6.2;21.21;3.7;11.31;29.49;44.5;5.41;15;FALSCH
9900963000009;Haushalt;2.35;11.94;7.65;21.94;2.35;11.94;29.95;44.24;6.45;15;FALSCH
9900964000008;Haushalt;3;10.2;6.6;19.8;3;10.2;21.02;34.22;7.23;35;FALSCH
9900965000007;Haushalt;1.57;10.86;4.56;16.99;1.57;10.86;20;32.43;6.21;18;FALSCH
9900966000006;Haushalt;2.04;13.9;7.91;23.85;2.04;13.9;23.74;39.68;6.85;39.7;FALSCH
9900967000005;Haushalt;2.04;11.04;7.08;20.16;2.04;11.04;26.16;39.24;6.53;45.84;FALSCH
9900968000004;Haushalt;3.14;9.04;9.96;22.14;3.14;9.04;34.8;46.98;4.74;15;FALSCH
9900971000009;Haushalt;1.32;12.17;7.26;20.75;1.56;12.17;15.07;28.8;5.64;24.58;FALSCH
9900975000005;Haushalt;2.4;11.4;9.89;23.69;4.8;14.4;19.6;38.8;6.38;35;FALSCH
9900976000004;Haushalt;3.7;11.31;8.5;23.51;3.7;11.31;34.87;49.88;8.16;25;FALSCH
9900977000003;Haushalt;1.32;12.24;8.63;22.19;1.56;12.24;15.77;29.57;6.39;24.84;FALSCH
9900980000008;Haushalt;2.4;9.75;8.5;20.65;3.6;9.75;21;34.35;6.41;15;FALSCH
9900981000007;Haushalt;8.24;8.6;2.99;19.83;8.24;8.6;5.88;22.72;4.64;15;FALSCH
9900982000006;Haushalt;3.48;14.16;5.4;23.04;5.28;14.16;20.28;39.72;4.75;36;FALSCH
9900983000005;Haushalt;4.56;11.04;15.84;31.44;4.56;11.04;15.84;31.44;6.89;26.9;FALSCH
9900984000004;Haushalt;3.6;10.2;7.6;21.4;3.6;10.2;17.76;31.56;4.68;15;FALSCH
9900987000001;Haushalt;1.5;9.3;6.77;17.57;1.5;9.3;8.18;18.98;4.98;35;FALSCH
9900988000000;Haushalt;1.75;7;9;17.75;1.75;7;26;34.75;4.76;30;FALSCH
9900992000004;Haushalt;2;11.8;7.17;20.97;2;11.8;17.05;30.85;5.17;24;FALSCH
9900993000003;Haushalt;2.6;9.2;9;20.8;3;9.2;17;29.2;5.49;12;FALSCH
9901000000001;Haushalt;2.4;10.2;9.48;22.08;3.36;12.72;25.68;41.76;7.82;54.36;FALSCH
9901009000002;Haushalt;2.08;10.3;6.28;18.66;2.08;10.3;19.04;31.42;6.9;45;FALSCH
9901010000009;Haushalt;2.28;8.16;9;19.44;3.48;9.72;23.76;36.96;5.73;47.58;FALSCH
9901012000007;Haushalt;4.2;12;9.57;25.77;4.8;12.2;30.82;47.82;5.95;24;FALSCH
9901014000005;Haushalt;2.3;14;4.9;21.2;2.3;14;14.7;31;5.66;20;FALSCH
9901023000004;Haushalt;2.4;12;7.5;21.9;2.4;12;10.2;24.6;4.1;45;FALSCH
9901028000009;Haushalt;4.56;10.98;8.97;24.51;4.56;10.98;18.05;33.59;4.92;24;FALSCH
9901050000001;Haushalt;1.35;11.73;9.85;22.93;2.03;11.91;19.71;33.65;5.34;0;FALSCH
9901064000005;Haushalt;1.8;14.28;6.36;22.44;1.8;14.28;13.44;29.52;4.56;43.92;FALSCH
9901065000004;Haushalt;1.95;10.39;9.06;21.4;2.6;10.56;32.55;45.71;5.02;18.25;FALSCH
9901066000003;Haushalt;4.02;10.95;9.2;24.17;4.02;10.95;18.4;33.37;4.29;30;FALSCH
9901068000001;Haushalt;2.4;9.6;7.2;19.2;2.4;9.6;18;30;4.25;54;FALSCH
9901087000008;Haushalt;3;8.45;6.36;17.81;4.62;8.59;14.16;27.37;5.51;54;FALSCH
9901099000004;Haushalt;3;11.5;5.5;20;3;11.5;13;27.5;5.13;15;FALSCH
9907000000009;Haushalt;2.25;11.98;8.9;23.13;2.25;11.98;30.95;45.18;7.58;15;FALSCH
9907001000008;Haushalt;3.05;11.68;6.92;21.65;3.05;11.68;14.19;28.92;7.86;25;FALSCH
9907002000007;Haushalt;4.2;12.96;6.48;23.64;6.48;13.2;12.96;32.64;5.66;36;FALSCH
9907006000003;Haushalt;3.46;10;4.3;17.76;4.47;11.5;9.3;25.27;4.22;20.5;FALSCH
9907007000002;Haushalt;4.5;8.67;10.42;23.59;4.5;8.67;10.42;23.59;5.95;17;FALSCH
9907009000000;Haushalt;4.9;11.7;7.9;24.5;9;16.5;12.9;38.4;6.87;26.64;FALSCH
9907010000007;Haushalt;3;12;10;25;3;12;10;25;4.24;0;FALSCH
9907011000006;Haushalt;5.15;11.3;9.05;25.5;8.05;12.2;21.1;41.35;5.07;0;FALSCH
9907012000005;Haushalt;1.18;2.78;1.93;5.89;3.59;2.78;5.21;11.58;3.89;12;FALSCH
9907013000004;Haushalt;1.5;11.82;9.82;23.14;2.25;11.99;19.65;33.89;6.06;24;FALSCH
9907015000002;Haushalt;5.49;12.81;9.15;27.45;9.15;12.81;31.11;53.07;5.4;21.96;FALSCH
9907016000001;Haushalt;4;11.31;4.5;19.81;4;11.31;25.52;40.83;6.12;15;FALSCH
9907018000009;Haushalt;4.2;12;9.5;25.7;4.8;12;14.5;31.3;6.14;0;FALSCH
9907020000005;Haushalt;3;8.68;8;19.68;3;8.68;10.5;22.18;3.76;16;FALSCH
9907021000004;Haushalt;4;9;7.7;20.7;4;9;17;30;3.5;15;FALSCH
9907022000003;Haushalt;3.66;5.55;6.79;16;3.66;5.55;14.52;23.73;4.71;25;FALSCH
9907023000002;Haushalt;3;7;7.8;17.8;3;7;28.04;38.04;4.41;20;WAHR
9907024000001;Haushalt;3.8;12;9.05;24.85;4.5;12.2;26.55;43.25;6.68;24;FALSCH
9907026000009;Haushalt;2.4;9;8;19.4;3.6;9;21;33.6;5.97;24;FALSCH
9907027000008;Haushalt;1.8;14;8.2;24;3.6;14;26.4;44;4.94;30;FALSCH
9907028000007;Haushalt;2;14;8;24;2;14;14;30;6.41;12;FALSCH
9907029000006;Haushalt;3.45;14.11;7.94;25.5;3.45;14.11;16.28;33.84;6.73;20;FALSCH
9907030000003;Haushalt;4.2;12;8.4;24.6;4.2;12;20.2;36.4;5.88;36;FALSCH
9907032000001;Haushalt;3.24;11.4;6.6;21.24;3.24;11.4;18.6;33.24;6.94;33;FALSCH
9907033000000;Haushalt;4.08;9.27;7.13;20.48;8.17;18.55;21.38;48.1;6.05;18;FALSCH
9907035000008;Haushalt;2.04;12;9;23.04;2.04;12;12;26.04;4.98;30;FALSCH
9907037000006;Haushalt;1.7;11.31;5.5;18.51;1.7;11.31;27.86;40.87;5.44;20.45;FALSCH
9907039000004;Haushalt;3.8;12;8.7;24.5;4.5;12.2;30.6;47.3;5.41;24.5;FALSCH
9907040000001;Haushalt;4.2;12;9.6;25.8;4.8;12.2;26.56;43.56;4.4;36;FALSCH
9907042000009;Haushalt;3.84;18.36;8.84;31.04;5.76;18.36;13.26;37.38;7.12;45;FALSCH
9907044000007;Haushalt;1.56;11.28;5.52;18.36;1.56;11.28;27.9;40.74;8.17;20.45;FALSCH
9907045000006;Haushalt;2.4;9;7.8;19.2;2.4;9;18.6;30;5.68;18;FALSCH
9907046000005;Haushalt;1.25;10.05;5.75;17.05;2.5;10.05;20;32.55;6.02;6;FALSCH
9907047000004;Haushalt;2.35;12;8.85;23.2;2.35;12;18.65;33;4.29;15;FALSCH
9907048000003;Haushalt;5.2;12;8;25.2;8;12.2;24;44.2;4.87;15;FALSCH
9907051000008;Haushalt;2.4;9;7.15;18.55;2.4;9;18;29.4;5.27;21;WAHR
9907052000007;Haushalt;1.56;11.28;5.04;17.88;1.56;11.28;26.76;39.6;6.68;24;FALSCH
9907053000006;Haushalt;2.4;13.8;8.16;24.36;2.4;13.8;22.68;38.88;5.68;30;FALSCH
9907054000005;Haushalt;1.56;11.76;6.98;20.3;2.28;11.76;37.23;51.27;5.27;12;FALSCH
9907055000004;Haushalt;5.6;12.1;6.9;24.6;5.6;12.1;21.12;38.82;6.6;30;FALSCH
9907056000003;Haushalt;4.2;12;7.8;24;4.2;12;18;34.2;4.35;24;FALSCH
9907057000002;Haushalt;3;13.8;9.9;26.7;6.6;13.8;19.75;40.15;7.03;35.5;FALSCH
9907058000001;Haushalt;4.75;11.92;9.96;26.63;7.12;11.92;17.18;36.22;6.82;35;WAHR
9907061000006;Haushalt;2.9;7.36;5.38;15.64;2.9;14.73;22.66;40.29;6.04;33.6;FALSCH
9907062000005;Haushalt;3.7;6.7;9.99;20.39;5.55;6.7;34.99;47.24;6.27;18;FALSCH
9907064000003;Haushalt;4.2;12;9.57;25.77;4.8;12.2;26.56;43.56;8.51;0;FALSCH
9907066000001;Haushalt;4.7;6.8;16.7;28.2;6.18;8.3;40.92;55.4;7.28;24;FALSCH
9907067000000;Haushalt;1.62;12;10;23.62;1.75;12;20;33.75;4.33;42;FALSCH
9907069000008;Haushalt;6.58;25.96;10.42;42.96;6.58;25.96;10.92;43.46;6.96;15;FALSCH
9907070000005;Haushalt;3.85;11.76;11.24;26.85;3.85;11.76;11.24;26.85;6.94;0;FALSCH
9907072000003;Haushalt;1.78;11.27;6.05;19.1;1.78;11.27;22.28;35.33;5.85;15;FALSCH
9907073000002;Haushalt;2.71;10.2;7.44;20.35;4.02;10.2;19.2;33.42;5.11;36;FALSCH
9907075000000;Haushalt;2.15;11.92;8.19;22.26;2.15;11.92;28.3;42.37;6.88;0;FALSCH
9907076000009;Haushalt;4.1;11.31;7.3;22.71;6.36;12.24;17.07;35.67;4.1;50;FALSCH
9907077000008;Haushalt;4.2;12;9.57;25.77;4.8;12.2;26.56;43.56;7.27;36;FALSCH
9907078000007;Haushalt;6;14;8.5;28.5;10;14;8.5;32.5;5.55;0;FALSCH
9907079000006;Haushalt;1.68;10.84;9.36;21.88;1.68;10.84;10.91;23.43;7.07;20;FALSCH
9907080000003;Haushalt;1.54;11.49;9.43;22.46;2.31;11.66;18.86;32.83;3.12;30;FALSCH
9907081000002;Haushalt;5.2;12;10;27.2;8;12.2;20;40.2;6.26;25.2;FALSCH
9907083000000;Haushalt;5;12;9;26;8;12;16;36;5.84;25;FALSCH
9907084000009;Haushalt;2;8.94;9.53;20.47;2;8.94;10.43;21.37;4.93;15;FALSCH
9907085000008;Haushalt;4;12;12;28;4;30;36;70;5.72;30;FALSCH
9907086000007;Haushalt;2.25;7.94;9.2;19.39;2.25;7.94;33.45;43.64;6.36;15;FALSCH
9907087000006;Haushalt;3;12;9.85;24.85;3.8;12.2;27.26;43.26;6.37;43;FALSCH
9907088000005;Haushalt;4.2;12;9.57;25.77;4.8;12.2;26.56;43.56;6.72;0;WAHR
9907089000004;Haushalt;3.8;12;9.97;25.77;4.5;12.2;26.86;43.56;5.97;28;FALSCH
9907090000001;Haushalt;3.2;12.8;18.75;34.75;4.8;12.8;37.4;55;5.51;24;FALSCH
9907092000009;Haushalt;2.4;9;8.5;19.9;3.6;9;21;33.6;5.67;15;FALSCH
9907093000008;Haushalt;2.4;9.9;8.5;20.8;3.6;9.9;21;34.5;6.78;18;FALSCH
9907096000005;Haushalt;2.16;10.2;4.68;17.04;2.16;10.2;6.72;19.08;5.89;18;FALSCH
9907100000008;Haushalt;3.8;12;9.97;25.77;4.5;12.2;31.18;47.88;7.43;24.5;FALSCH
9907102000006;Haushalt;3.8;12;9.04;24.84;4.5;12.2;26.55;43.25;5.13;28;FALSCH
9907103000005;Haushalt;2.52;10.08;9.12;21.72;2.76;11.76;13.92;28.44;4.93;30;FALSCH
9907104000004;Haushalt;4.2;12;11;27.2;5.8;12.2;31.67;49.67;5.43;24;FALSCH
9907109000009;Haushalt;2.4;11.2;8.4;22;2.4;11.2;20.7;34.3;5.02;24;FALSCH
9907110000006;Haushalt;4.2;12;9.31;25.51;4.8;12.2;30.82;47.82;6.21;25;FALSCH
9907111000005;Haushalt;4.2;12;9.56;25.76;4.8;12.2;30.81;47.81;4.92;19.43;FALSCH
9907112000004;Haushalt;4.1;11;8.9;24;4.1;11;8.9;24;5.57;15;FALSCH
9907113000003;Haushalt;3.8;12;9.71;25.51;4.5;12.2;24.66;41.36;4.15;15;FALSCH
9907114000002;Haushalt;3.7;11.31;7.23;22.24;3.7;11.31;31.9;46.91;7.19;15;FALSCH
9907115000001;Haushalt;1.8;8.1;5.1;15;1.8;8.1;6;15.9;3.78;21;FALSCH
9907116000000;Haushalt;5.13;9;9.87;24;8;9;20;37;5.07;24.5;FALSCH
9907117000009;Haushalt;2.4;12;11.2;25.6;2.4;12;15;29.4;5.08;0;FALSCH
9907118000008;Haushalt;4.2;10;9;23.2;4.68;12;14;30.68;4.93;25;FALSCH
9907122000002;Haushalt;2.5;10;9.18;21.68;3;10;15.9;28.9;7.78;24;FALSCH
9907124000000;Haushalt;2.9;14.7;7.5;25.1;2.9;14.7;12.6;30.2;6.03;30;WAHR
9907127000007;Haushalt;3.06;10.21;9.79;23.06;4.59;10.36;19.59;34.54;6.7;24;FALSCH
9907128000006;Haushalt;6.78;16.47;4.67;27.92;10.21;16.47;20.72;47.4;6.73;15;FALSCH
9907129000005;Haushalt;2.69;10.67;11.93;25.29;4.03;10.67;30.93;45.63;7.51;29.5;FALSCH
9907132000000;Haushalt;2.5;11.75;7;21.25;2.5;11.75;9.85;24.1;5.81;15;FALSCH
9907134000008;Haushalt;3;12;9.85;24.85;3.8;12;27.26;43.06;5.72;24;FALSCH
9907137000005;Haushalt;2.83;11.04;6;19.87;2.83;11.04;7.32;21.19;5.25;52.8;FALSCH
9907139000003;Haushalt;2.88;10.98;8.5;22.36;2.88;10.98;36.1;49.96;5.89;23.61;FALSCH
9907140000000;Haushalt;3;9;9;21;3;9;9;21;5.14;48;FALSCH
9907142000008;Haushalt;4.99;11.3;8.99;25.28;4.99;11.3;21.1;37.39;5.27;23;FALSCH
9907145000005;Haushalt;5.2;12;8.57;25.77;5.8;12.2;25.56;43.56;6.24;24;FALSCH
9907146000004;Haushalt;3;12;9;24;3;12;9;24;4.6;18;FALSCH
9907153000005;Haushalt;2.88;12;7.2;22.08;3.24;12.2;17.4;32.84;8.2;36;FALSCH
9907154000004;Haushalt;2.5;12;7;21.5;4;12;10;26;4.93;35;FALSCH
9907155000003;Haushalt;3.6;1.8;8.16;13.56;5.64;1.8;16.32;23.76;5.18;18;FALSCH
9907156000002;Haushalt;2.46;6.02;7.92;16.4;3.79;6.52;23.84;34.15;4.42;25;FALSCH
9907157000001;Haushalt;5.28;9.96;11.04;26.28;7.68;10.44;22.08;40.2;5.53;18;FALSCH
9907158000000;Haushalt;5.16;6.96;10.44;22.56;8.04;7.08;20.88;36;5.46;12;FALSCH
9907159000009;Haushalt;5.2;12.2;8.35;25.75;8;12.2;24.19;44.39;6.31;35;FALSCH
9907160000006;Haushalt;4.92;12.12;10.44;27.48;7.68;12.24;20.88;40.8;7.51;0;FALSCH
9907162000004;Haushalt;4.8;12.96;10.44;28.2;7.44;13.2;20.88;41.52;6.17;18;FALSCH
9907164000002;Haushalt;3.6;11.16;7.2;21.96;5.64;11.4;14.4;31.44;4.82;18;FALSCH
9907165000001;Haushalt;2.47;7.07;6.75;16.29;4.92;14.11;16.84;35.87;4.24;0;FALSCH
9907166000000;Haushalt;3.72;5.68;8.88;18.28;7.47;5.68;26.64;39.79;6.96;0;FALSCH
9907168000008;Haushalt;2.76;4.2;6;12.96;4.2;4.32;12;20.52;6.27;18;FALSCH
9907170000004;Haushalt;3.79;6.38;4.45;14.62;10.52;6.38;14.04;30.94;5.11;12;FALSCH
9907173000001;Haushalt;4.08;11.52;8.16;23.76;6.24;11.76;16.32;34.32;7.12;18;FALSCH
9907181000001;Haushalt;1.5;9.5;8.25;19.25;1.5;9.5;14.95;25.95;2.97;75;FALSCH
9907182000000;Haushalt;3.25;11.31;7.8;22.36;3.25;11.31;33.23;47.79;6.42;25;FALSCH
9907183000009;Haushalt;1.6;11.98;7.3;20.88;1.6;11.98;24.9;38.48;5.17;15;FALSCH
9907185000007;Haushalt;2.8;12;5.2;20;6;15;14;35;8.25;0;FALSCH
9907187000005;Haushalt;1.2;11.97;5.11;18.28;1.2;11.97;19.54;32.71;4.9;15;FALSCH
9907189000003;Haushalt;1.78;7.82;7.2;16.8;1.78;7.82;28.08;37.68;4.5;15;FALSCH
9907190000000;Haushalt;5.5;12;7;24.5;5.5;12;26;43.5;7.19;15;FALSCH
9907191000009;Haushalt;2.04;8.04;8.28;18.36;2.04;8.04;27.48;37.56;6.16;30;FALSCH
9907192000008;Haushalt;3.6;11.31;7.9;22.81;3.6;11.31;33.47;48.38;6.3;0;FALSCH
9907194000006;Haushalt;3.12;9.72;6.96;19.8;4.8;9.84;13.92;28.56;7.32;18;FALSCH
9907199000001;Haushalt;3.64;7.43;6.57;17.64;3.64;7.43;13.14;24.21;7.14;0;FALSCH
9907200000007;Haushalt;0.93;11.49;4.73;17.15;1.38;16.87;6.93;25.18;4.44;12.75;WAHR
9907202000005;Haushalt;2.15;9.8;8.25;20.2;2.15;9.8;19.65;31.6;6.14;36;WAHR
9907203000004;Haushalt;1.95;8;10;19.95;1.95;8;20;29.95;3.26;40;FALSCH
9907204000003;Haushalt;4.2;12;9.6;25.8;4.8;12.2;30.81;47.81;7.73;0;FALSCH
9907205000002;Haushalt;1.8;11.95;7.5;21.25;1.8;11.95;24.28;38.03;4.64;27;FALSCH
9907210000005;Haushalt;2.5;12;10;24.5;2.5;12;15;29.5;6.16;45;FALSCH
9907211000004;Haushalt;1.8;13.7;6.4;21.9;3.5;15;19.1;37.6;4.5;47.58;FALSCH
9907212000003;Haushalt;4.31;11.9;8.29;24.5;8;11.9;20;39.9;5.1;24.54;FALSCH
9907219000006;Haushalt;4.68;13.68;9;27.36;4.68;13.68;28.56;46.92;6.16;47;FALSCH
9907232000009;Haushalt;1.8;9;6;16.8;1.8;9;6;16.8;5.88;26.4;FALSCH
9907233000008;Haushalt;5.2;12;8;25.2;8;12.2;24;44.2;5.3;20;FALSCH
9907235000006;Haushalt;2.61;3.77;4.85;11.23;3.92;4.14;7.28;15.34;4.84;0;FALSCH
9907236000005;Haushalt;2.5;7;4.2;13.7;9.15;8.5;11.55;29.2;5.42;40;FALSCH
9907237000004;Haushalt;2.9;8.3;5.76;16.96;2.9;8.3;26.25;37.45;5.2;25;FALSCH
9907248000001;Haushalt;4;12.5;6.5;23;5;12.7;25.64;43.34;5.09;29.34;FALSCH
9907251000006;Haushalt;2.1;8;4.05;14.15;2.1;8;11;21.1;3.82;24;FALSCH
9907252000005;Haushalt;4.49;7.88;5.95;18.32;7;7.97;11.92;26.89;4.19;12;FALSCH
9907254000003;Haushalt;2.28;7.92;4.56;14.76;3.48;8.04;9.12;20.64;6.96;12;FALSCH
9907255000002;Haushalt;5.2;12.2;8.35;25.75;8;12.2;24.19;44.39;4.84;21.5;FALSCH
9907256000001;Haushalt;5.2;12.2;8.35;25.75;8;12.2;24.19;44.39;3.98;21.5;FALSCH
9907257000000;Haushalt;3.25;6.5;8.3;18.05;6.53;13.02;20.74;40.29;5.96;0;FALSCH
9907262000003;Haushalt;5.82;11.52;11.26;28.6;5.82;11.52;29.25;46.59;5.2;12.45;FALSCH
9907264000001;Haushalt;3;8;9.19;20.19;3;8;17.16;28.16;7.03;15;FALSCH
9907265000000;Haushalt;4.54;11.45;12;27.99;4.54;11.45;20.45;36.44;6.49;25;FALSCH
9907272000001;Haushalt;3.24;11.22;10.97;25.43;6.48;11.22;19.46;37.16;5.13;39.6;FALSCH
9907273000000;Haushalt;4.74;11.25;9.08;25.07;7.3;11.44;31.8;50.54;5.65;25.46;FALSCH
9907276000007;Haushalt;2.5;12.84;7.8;23.14;2.5;12.84;21.6;36.94;4.98;0;FALSCH
9907277000006;Haushalt;2;8;3.65;13.65;2;8;24.16;34.16;4.41;30;FALSCH
9907281000000;Haushalt;4.06;13.1;7.17;24.33;6.24;15.28;14.34;35.86;4.25;35;FALSCH
9907286000005;Haushalt;3.73;7.58;4.85;16.16;3.73;7.58;5.14;16.45;7.25;15;FALSCH
9907305000001;Haushalt;2.71;10.2;7.44;20.35;4.02;10.2;19.2;33.42;3.7;36;FALSCH
9907306000000;Haushalt;2.4;8.5;8.5;19.4;3.6;8.5;21;33.1;7.45;12;FALSCH
9907307000009;Haushalt;2.5;9.4;10.7;22.6;2.5;9.4;17;28.9;5.78;40;FALSCH
9907313000001;Haushalt;3;11.04;6.6;20.64;3;11.04;15.6;29.64;7.07;36;FALSCH
9907317000007;Haushalt;4.06;13.1;7.17;24.33;6.24;15.28;14.34;35.86;5.67;35;FALSCH
9907318000006;Haushalt;2.05;7.5;9.5;19.05;0;0;0;0;6.61;25;FALSCH
9907324000008;Haushalt;5.16;13.8;8.64;27.6;5.16;13.8;8.64;27.6;7.64;0;FALSCH
9907326000006;Haushalt;1.83;11.19;9.44;22.46;9.5;41.05;38.02;88.57;5;46;FALSCH
9907340000008;Haushalt;5.64;10.8;9.12;25.56;7.56;10.8;43.92;62.28;6.15;24;FALSCH
9907342000006;Haushalt;4.58;11.8;8.82;25.2;8;11.8;20;39.8;6.47;0;FALSCH
9907355000001;Haushalt;2.59;7.14;6.04;15.77;3.82;7.14;8.91;19.87;5.15;20;FALSCH
9907356000000;Haushalt;3.15;8.1;9.8;21.05;3.15;8.1;27.93;39.18;4.79;0;WAHR
9907371000001;Haushalt;3.3;14.2;8.5;26;5.7;19.3;28.2;53.2;6.17;47.58;FALSCH
9907376000006;Haushalt;2.99;8.48;9.67;21.14;2.99;8.48;9.67;21.14;5.77;0;FALSCH
9907387000003;Haushalt;4.2;14.5;6.55;25.25;6.8;15;33.5;55.3;6.93;24;FALSCH
9907388000002;Haushalt;3.24;11.04;8.6;22.88;3.24;11.04;22.97;37.25;4.8;30;FALSCH
9907391000007;Haushalt;1.57;11.39;7.4;20.36;1.57;11.39;21.78;34.74;5.39;44.95;FALSCH
9907399000009;Haushalt;2.63;14.95;9.62;27.2;2.63;14.95;31.6;49.18;3.59;65;FALSCH
9907404000001;Haushalt;2.5;12;7;21.5;8;12;20;40;4.01;30;FALSCH
9907409000006;Haushalt;1.55;15.26;8.24;25.05;2.13;15.26;31.4;48.79;4.15;40;FALSCH
9907415000008;Haushalt;2.44;11.92;4.49;18.85;4.88;11.92;14.91;31.71;4.32;36.5;FALSCH
9907421000000;Haushalt;4.69;10.5;9.01;24.2;8;10.5;20;38.5;5.87;24;FALSCH
9907466000007;Haushalt;1.9;12;10.65;24.55;2.3;12.2;25;39.5;4.16;40;FALSCH
9907473000008;Haushalt;5.2;12;9;26.2;8;12.2;26;46.2;5.04;25;FALSCH
9907479000002;Haushalt;3;7.2;9.95;20.15;3;7.2;29.9;40.1;4.39;0;FALSCH
9907505000009;Haushalt;1.89;8.67;9.45;20.01;1.89;8.67;17.54;28.1;3.09;15;FALSCH
9907509000005;Haushalt;3.99;11.87;10;25.86;3.99;11.87;32;47.86;5.16;24;FALSCH
9907510000002;Haushalt;2.04;9.36;6.96;18.36;2.04;9.36;26.16;37.56;3.19;48;FALSCH
9907515000007;Haushalt;2.4;9;8.1;19.5;2.4;9;28;39.4;6.33;0;FALSCH
9907529000001;Haushalt;2.04;8.52;6;16.56;2.04;8.52;25.2;35.76;3.73;48;FALSCH
9907536000002;Haushalt;5;12;7;24;5;12;14;31;5.5;18;FALSCH
9907538000000;Haushalt;4.18;11.7;9.35;25.23;0;0;0;0;7.48;0;FALSCH
9907549000007;Haushalt;1.8;13.7;6.4;21.9;3.5;15;19.1;37.6;4.67;47.58;FALSCH
9907550000004;Haushalt;1.8;13.7;6.4;21.9;3.5;15;19.1;37.6;4.77;47.58;FALSCH
9907558000006;Haushalt;4.2;12;7.75;23.95;4.2;12;24;40.2;3.82;18;FALSCH
9907559000005;Haushalt;1.64;7.05;5.84;14.53;1.64;7.05;15.62;24.31;3.81;0;FALSCH
9907563000009;Haushalt;3.12;11.5;8.1;22.72;3.12;11.5;13.7;28.32;2.87;20.1;FALSCH
9907581000007;Haushalt;3.05;11.83;9.95;24.83;3.05;11.83;28.82;43.7;5.47;0;FALSCH
9907584000004;Haushalt;2.04;10.08;10.32;22.44;2.88;12.48;27.12;42.48;5.66;18;FALSCH
9907594000002;Haushalt;2.45;11.94;5.71;20.1;2.45;11.94;20.91;35.3;4.47;0;FALSCH
9907595000001;Haushalt;1.28;8.2;8.2;17.68;1.28;8.2;29.2;38.68;5.62;15;FALSCH
9907601000002;Haushalt;1.8;6.6;4.32;12.72;1.8;6.6;23.52;31.92;3.33;48;FALSCH
9907602000001;Haushalt;1.75;9;4.8;15.55;1.75;9;19.1;29.85;4.58;12;FALSCH
9907603000000;Haushalt;3.06;8;5.69;16.75;4.09;8;9.53;21.62;5.95;15;FALSCH
9907607000006;Haushalt;3.6;13.9;9.3;26.8;5.2;13.9;18.8;37.9;3.98;25;FALSCH
9907615000006;Haushalt;2.46;13.43;7.26;23.15;2.46;13.43;22.78;38.67;4.85;30;FALSCH
9907617000004;Haushalt;1.68;10.84;9.36;21.88;1.68;10.84;10.91;23.43;4.5;20;FALSCH
9907632000005;Haushalt;1.62;10.68;9.46;21.76;1.62;10.68;22.73;35.03;4.87;43.92;FALSCH
9907633000004;Haushalt;2.56;14.46;7.32;24.34;2.56;14.46;29.28;46.3;3.47;21.96;FALSCH
9907634000003;Haushalt;1.92;11.34;8.34;21.6;1.92;11.34;29.9;43.16;3.37;30.5;FALSCH
9907636000001;Haushalt;2;12;12;26;2;12;37;51;4.97;15;FALSCH
9907637000000;Haushalt;6.35;9.15;12.81;28.31;10.98;14.64;18.3;43.92;5.96;0;FALSCH
9907639000008;Haushalt;1.78;12;6.06;19.84;1.78;12;18.86;32.64;6.35;30.3;FALSCH
9907643000002;Haushalt;3.6;12;12.9;28.5;3.6;12;21;36.6;6.4;0;FALSCH
9907645000000;Haushalt;3.5;7.5;7.56;18.56;3.5;7.5;21.43;32.43;3.97;25;FALSCH
9907647000008;Haushalt;2.43;13.25;7.56;23.24;2.43;13.25;23.26;38.94;3.94;0;FALSCH
9907652000001;Haushalt;3.24;11.04;8.6;22.88;3.24;11.04;22.97;37.25;4.8;30;WAHR
9907653000000;Haushalt;3.45;8.9;6.6;18.95;3.45;8.9;27.58;39.93;4.94;15;FALSCH
9907655000008;Haushalt;3.05;7.05;8.6;18.7;6.1;7.05;17.5;30.65;4.74;19.74;FALSCH
9907658000005;Haushalt;2.98;13.13;4.85;20.96;5.96;13.13;16.01;35.1;4.21;36.6;FALSCH
9907660000001;Haushalt;1.8;6.7;6.7;15.2;1.8;6.7;18.8;27.3;2.55;25;FALSCH
9907661000000;Haushalt;5.2;12;3.75;20.95;5.2;12;3.75;20.95;5.45;0;FALSCH
9907667000004;Haushalt;1.8;8.4;7.2;17.4;1.8;8.4;20.4;30.6;6.05;29.6;FALSCH
9907668000003;Haushalt;0.63;9.35;4.93;14.91;0.63;9.35;14.78;24.76;3.91;24.21;FALSCH
9907669000002;Haushalt;3.72;7.85;5.88;17.45;5.17;8.24;11.04;24.45;3.93;15;FALSCH
9907672000007;Haushalt;3.4;11.4;8.3;23.1;3.4;11.4;22.9;37.7;5.55;45;FALSCH
9907675000004;Haushalt;2.16;13.8;8.64;24.6;0;0;0;0;5.09;70;FALSCH
9907684000003;Haushalt;3.82;11.88;9.31;25.01;3.82;11.88;9.31;25.01;6.91;0;FALSCH
9907687000000;Haushalt;4.6;4.7;5.8;15.1;0;0;0;0;4.66;25;WAHR
9907690000005;Haushalt;1.73;11.08;9.61;22.42;1.73;11.08;23.3;36.11;2.83;36.6;FALSCH
9907693000002;Haushalt;4.23;10;9.55;23.78;4.23;10;9.55;23.78;5.46;40;FALSCH
9907704000008;Haushalt;3.1;8.71;6.36;18.17;4.78;8.85;14.4;28.03;5.51;54;FALSCH
9907713000007;Haushalt;2.43;13.25;7.56;23.24;2.43;13.25;23.26;38.94;3.63;0;FALSCH
9907721000007;Haushalt;3.6;12.6;9;25.2;3.6;12.6;21;37.2;6.19;18;FALSCH
9907737000009;Haushalt;2.5;13.52;7.26;23.28;2.5;13.52;24.41;40.43;4.47;0;FALSCH
9907740000004;Haushalt;1.6;10.5;9;21.1;1.6;10.5;12;24.1;4.59;40.15;FALSCH
9907741000003;Haushalt;3.84;10.98;9;23.82;5.76;18.3;29.76;53.82;4.87;30;FALSCH
9907743000001;Haushalt;1.68;10.84;9.36;21.88;1.68;10.84;10.91;23.43;4.43;20;FALSCH
9907745000009;Haushalt;4;12;9;25;4;12;14;30;5.17;42;FALSCH
9907746000008;Haushalt;1.8;10.6;8.8;21.2;1.8;10.6;20.6;33;4.56;28;FALSCH
9907747000007;Haushalt;2.4;9.6;7.2;19.2;2.4;9.6;18;30;2.82;42;FALSCH
9907748000006;Haushalt;2.4;9.6;7.2;19.2;2.4;9.6;18;30;2.91;42;FALSCH
9907749000005;Haushalt;2.4;9.6;7.2;19.2;2.4;9.6;18;30;3.1;51.12;FALSCH
9907750000002;Haushalt;2.14;11.72;7.26;21.12;2.14;11.72;24.92;38.78;5.46;0;FALSCH
9907751000001;Haushalt;5.2;9.75;10;24.95;8;9.75;20;37.75;4.8;0;FALSCH
9907754000008;Haushalt;3.55;8.17;6.6;18.32;5.45;10.58;12.53;28.56;6.85;0;FALSCH
9907755000007;Haushalt;1.9;12;10.65;24.55;2.3;12.2;25;39.5;4.15;40;WAHR
